country,equipment_type,destroyed,abandoned,captured,damaged,type_total,date_recorded,destroyed_diff,abandoned_diff,captured_diff,damaged_diff,type_total_diff,destroyed_diff_diff,abandoned_diff_diff,captured_diff_diff,damaged_diff_diff,type_total_diff_diff
Russia,Aircraft,0,0,0,0,0,2022-02-23,0,0,0,0,0,0,0,0,0,0
Russia,Aircraft,13,0,0,0,13,2022-03-19,13,0,0,0,13,13,0,0,0,13
Russia,Aircraft,15,0,0,0,15,2022-03-26,2,0,0,0,2,-11,0,0,0,-11
Russia,Aircraft,15,0,0,0,15,2022-03-27,0,0,0,0,0,-2,0,0,0,-2
Russia,Aircraft,16,0,0,0,16,2022-03-28,1,0,0,0,1,1,0,0,0,1
Russia,Aircraft,16,0,0,1,17,2022-03-29,0,0,0,1,1,-1,0,0,1,0
Russia,Aircraft,19,0,0,1,20,2022-04-04,3,0,0,0,3,3,0,0,-1,2
Russia,Aircraft,20,0,0,1,21,2022-04-15,1,0,0,0,1,-2,0,0,0,-2
Russia,Aircraft,21,0,0,1,22,2022-04-18,1,0,0,0,1,0,0,0,0,0
Russia,Aircraft,23,0,0,1,24,2022-04-21,2,0,0,0,2,0,0,0,0,0
Russia,Aircraft,25,0,0,1,26,2022-05-05,2,0,0,0,2,0,0,0,0,0
Russia,Aircraft,26,0,0,1,27,2022-05-25,1,0,0,0,1,0,0,0,0,0
Russia,Aircraft,27,0,0,1,28,2022-05-28,1,0,0,0,1,0,0,0,0,0
Russia,Aircraft,28,0,0,1,29,2022-05-29,1,0,0,0,1,0,0,0,0,0
Russia,Aircraft,29,0,0,0,29,2022-05-30,1,0,0,-1,0,0,0,0,0,0
Russia,Aircraft,30,0,0,0,30,2022-06-02,1,0,0,0,1,0,0,0,0,0
Russia,Aircraft,30,0,0,1,31,2022-06-11,0,0,0,1,1,0,0,0,0,0
Russia,Aircraft,34,0,0,1,35,2022-06-26,4,0,0,0,4,0,0,0,0,0
Russia,Aircraft,35,0,0,1,36,2022-07-19,1,0,0,0,1,0,0,0,0,0
Russia,Aircraft,37,0,0,1,38,2022-07-20,2,0,0,0,2,0,0,0,0,0
Russia,Aircraft,48,0,0,2,50,2022-08-13,11,0,0,1,12,0,0,0,0,0
Russia,Aircraft,49,0,0,2,51,2022-08-14,1,0,0,0,1,0,0,0,0,0
Russia,Aircraft,50,0,0,2,52,2022-08-23,1,0,0,0,1,0,0,0,0,0
Russia,Aircraft,51,0,0,2,53,2022-09-08,1,0,0,0,1,0,0,0,0,0
Russia,Aircraft,54,0,0,2,56,2022-09-13,3,0,0,0,3,0,0,0,0,0
Russia,Aircraft,56,0,0,2,58,2022-09-25,2,0,0,0,2,0,0,0,0,0
Russia,Aircraft,57,0,0,2,59,2022-10-02,1,0,0,0,1,0,0,0,0,0
Russia,Aircraft,58,0,0,2,60,2022-10-04,1,0,0,0,1,0,0,0,0,0
Russia,Aircraft,59,0,0,2,61,2022-10-10,1,0,0,0,1,0,0,0,0,0
Russia,Aircraft,60,0,0,2,62,2022-10-12,1,0,0,0,1,0,0,0,0,0
Russia,Aircraft,61,0,0,2,63,2022-10-18,1,0,0,0,1,0,0,0,0,0
Russia,Aircraft,63,0,0,3,66,2022-12-06,2,0,0,1,3,0,0,0,0,0
Russia,Aircraft,63,0,0,4,67,2022-12-11,0,0,0,1,1,0,0,0,0,0
Russia,Aircraft,64,0,0,4,68,2023-01-06,1,0,0,0,1,0,0,0,0,0
Russia,Aircraft,64,0,0,5,69,2023-01-22,0,0,0,1,1,0,0,0,0,0
Russia,Aircraft,65,0,0,6,71,2023-02-12,1,0,0,1,2,0,0,0,0,0
Russia,Aircraft,65,0,0,7,72,2023-02-15,0,0,0,1,1,0,0,0,0,0
Russia,Aircraft,66,0,0,7,73,2023-02-23,1,0,0,0,1,0,0,0,0,0
Russia,Aircraft,67,0,0,7,74,2023-02-24,1,0,0,0,1,0,0,0,0,0
Russia,Aircraft,68,0,0,7,75,2023-03-01,1,0,0,0,1,0,0,0,0,0
Russia,Aircraft,69,0,0,7,76,2023-03-04,1,0,0,0,1,0,0,0,0,0
Russia,Aircraft,70,0,0,7,77,2023-03-08,1,0,0,0,1,0,0,0,0,0
Russia,Aircraft,71,0,0,8,79,2023-03-16,1,0,0,1,2,0,0,0,0,0
Russia,Aircraft,70,0,0,8,78,2023-03-26,-1,0,0,0,-1,0,0,0,0,0
Russia,Aircraft,72,0,0,8,80,2023-04-24,2,0,0,0,2,0,0,0,0,0
Russia,Aircraft,74,0,0,8,82,2023-05-14,2,0,0,0,2,0,0,0,0,0
Russia,Aircraft,75,0,0,8,83,2023-06-24,1,0,0,0,1,0,0,0,0,0
Russia,Aircraft,76,0,0,8,84,2023-07-07,1,0,0,0,1,0,0,0,0,0
Russia,Aircraft,77,0,0,8,85,2023-08-21,1,0,0,0,1,0,0,0,0,0
Russia,Aircraft,79,0,0,7,86,2023-08-31,2,0,0,-1,1,0,0,0,0,0
Russia,Aircraft,81,0,0,7,88,2023-09-01,2,0,0,0,2,0,0,0,0,0
Russia,Aircraft,81,0,0,8,89,2023-09-04,0,0,0,1,1,0,0,0,0,0
Russia,Aircraft,82,0,0,8,90,2023-09-13,1,0,0,0,1,0,0,0,0,0
Russia,Aircraft,83,0,0,8,91,2023-09-20,1,0,0,0,1,0,0,0,0,0
Russia,Aircraft,84,0,0,8,92,2023-09-29,1,0,0,0,1,0,0,0,0,0
Russia,Aircraft,85,0,0,8,93,2023-10-09,1,0,0,0,1,0,0,0,0,0
Russia,Aircraft,86,0,0,8,94,2023-11-10,1,0,0,0,1,0,0,0,0,0
Russia,Aircraft,87,0,0,8,95,2023-12-08,1,0,0,0,1,0,0,0,0,0
Russia,Aircraft,91,0,0,8,99,2024-01-09,4,0,0,0,4,0,0,0,0,0
Russia,Aircraft,92,0,0,9,101,2024-01-19,1,0,0,1,2,0,0,0,0,0
Russia,Aircraft,93,0,0,8,101,2024-01-24,1,0,0,-1,0,0,0,0,0,0
Russia,Aircraft,94,0,0,8,102,2024-01-27,1,0,0,0,1,0,0,0,0,0
Russia,Aircraft,95,0,0,8,103,2024-02-18,1,0,0,0,1,0,0,0,0,0
Russia,Aircraft,96,0,0,8,104,2024-02-21,1,0,0,0,1,0,0,0,0,0
Russia,Aircraft,97,0,0,8,105,2024-02-27,1,0,0,0,1,0,0,0,0,0
Russia,Aircraft,99,0,0,8,107,2024-04-08,2,0,0,0,2,0,0,0,0,0
Russia,Aircraft,99,0,0,9,108,2024-04-11,0,0,0,1,1,0,0,0,0,0
Russia,Aircraft,100,0,0,9,109,2024-04-21,1,0,0,0,1,0,0,0,0,0
Russia,Aircraft,101,0,0,9,110,2024-05-12,1,0,0,0,1,0,0,0,0,0
Russia,Aircraft,104,0,0,9,113,2024-05-18,3,0,0,0,3,0,0,0,0,0
Russia,Aircraft,105,0,0,9,114,2024-05-27,1,0,0,0,1,0,0,0,0,0
Russia,Aircraft,105,0,0,10,115,2024-06-09,0,0,0,1,1,0,0,0,0,0
Russia,Aircraft,106,0,0,10,116,2024-06-12,1,0,0,0,1,0,0,0,0,0
Russia,Aircraft,106,0,0,12,118,2024-06-15,0,0,0,2,2,0,0,0,0,0
Russia,Aircraft,107,0,0,12,119,2024-06-24,1,0,0,0,1,0,0,0,0,0
Russia,Aircraft,108,0,0,12,120,2024-07-24,1,0,0,0,1,0,0,0,0,0
Russia,Aircraft,109,0,0,12,121,2024-07-31,1,0,0,0,1,0,0,0,0,0
Russia,Aircraft,110,0,0,12,122,2024-08-06,1,0,0,0,1,0,0,0,0,0
Russia,Aircraft,111,0,0,12,123,2024-08-16,1,0,0,0,1,0,0,0,0,0
Russia,Aircraft,112,0,0,15,127,2024-08-25,1,0,0,3,4,0,0,0,0,0
Russia,Aircraft,113,0,0,15,128,2024-09-13,1,0,0,0,1,0,0,0,0,0
Russia,Aircraft,114,0,0,15,129,2024-10-03,1,0,0,0,1,0,0,0,0,0
Russia,Aircraft,115,0,0,15,130,2024-10-27,1,0,0,0,1,0,0,0,0,0
Russia,Aircraft,117,0,0,15,132,2024-11-02,2,0,0,0,2,0,0,0,0,0
Russia,Aircraft,117,0,0,16,133,2024-12-18,0,0,0,1,1,0,0,0,0,0
Russia,Aircraft,118,0,0,16,134,2024-12-23,1,0,0,0,1,0,0,0,0,0
Russia,Aircraft,120,0,0,16,136,2025-02-11,2,0,0,0,2,0,0,0,0,0
Russia,Aircraft,120,0,0,17,137,2025-03-24,0,0,0,1,1,0,0,0,0,0
Russia,Aircraft,121,0,0,17,138,2025-04-07,1,0,0,0,1,0,0,0,0,0
Russia,All Types,0,0,0,0,0,2022-02-23,0,0,0,0,0,0,0,0,0,0
Russia,All Types,769,224,587,30,1610,2022-03-19,769,224,587,30,1610,769,224,587,30,1610
Russia,All Types,959,232,698,35,1924,2022-03-26,190,8,111,5,314,-579,-216,-476,-25,-1296
Russia,All Types,959,232,698,35,1924,2022-03-27,0,0,0,0,0,-190,-8,-111,-5,-314
Russia,All Types,100,232,745,38,1115,2022-03-28,-859,0,47,3,-809,-885,0,13,1,-871
Russia,All Types,1041,235,771,38,2085,2022-03-29,941,3,26,0,970,922,3,13,-1,937
Russia,All Types,1061,233,776,41,2111,2022-03-30,20,-2,5,3,26,-17,-5,-21,3,-40
Russia,All Types,1085,234,787,41,2147,2022-03-31,24,1,11,0,36,4,3,6,-3,10
Russia,All Types,1155,233,849,41,2278,2022-04-01,70,-1,62,0,131,46,-2,51,0,95
Russia,All Types,1158,234,853,41,2286,2022-04-02,3,1,4,0,8,-67,2,-58,0,-123
Russia,All Types,1235,236,927,39,2437,2022-04-04,77,2,74,-2,151,74,1,70,-2,143
Russia,All Types,1322,238,974,38,2572,2022-04-06,87,2,47,-1,135,10,0,-27,1,-16
Russia,All Types,1351,237,982,38,2608,2022-04-07,29,-1,8,0,36,-58,-3,-39,1,-99
Russia,All Types,1358,237,983,38,2616,2022-04-08,7,0,1,0,8,-22,1,-7,0,-28
Russia,All Types,1419,236,1008,39,2702,2022-04-09,61,-1,25,1,86,54,-1,24,1,78
Russia,All Types,1443,233,1031,39,2746,2022-04-10,24,-3,23,0,44,-37,-2,-2,-1,-42
Russia,All Types,1456,234,1041,39,2770,2022-04-11,13,1,10,0,24,-11,4,-13,0,-20
Russia,All Types,1538,236,1066,44,2884,2022-04-13,82,2,25,5,114,69,1,15,5,90
Russia,All Types,1545,237,1071,44,2897,2022-04-14,7,1,5,0,13,-75,-1,-20,-5,-101
Russia,All Types,1548,237,1070,44,2899,2022-04-15,3,0,-1,0,2,-4,-1,-6,0,-11
Russia,All Types,1551,238,1084,44,2917,2022-04-16,3,1,14,0,18,0,1,15,0,16
Russia,All Types,1570,239,1107,44,2960,2022-04-17,19,1,23,0,43,16,0,9,0,25
Russia,All Types,1581,244,1121,46,2992,2022-04-18,11,5,14,2,32,-8,4,-9,2,-11
Russia,All Types,1586,244,1121,46,2997,2022-04-19,5,0,0,0,5,-6,-5,-14,-2,-27
Russia,All Types,1615,243,1138,48,3044,2022-04-20,29,-1,17,2,47,0,0,0,0,0
Russia,All Types,1635,243,1155,47,3080,2022-04-21,20,0,17,-1,36,0,0,0,0,0
Russia,All Types,1653,253,1169,51,3126,2022-04-23,18,10,14,4,46,0,0,0,0,0
Russia,All Types,1669,259,1175,52,3155,2022-04-24,16,6,6,1,29,0,0,0,0,0
Russia,All Types,1860,266,1228,63,3417,2022-05-05,191,7,53,11,262,0,0,0,0,0
Russia,All Types,1886,264,1235,65,3450,2022-05-06,26,-2,7,2,33,0,0,0,0,0
Russia,All Types,1927,272,1248,67,3514,2022-05-08,41,8,13,2,64,0,0,0,0,0
Russia,All Types,1927,272,1251,68,3518,2022-05-09,0,0,3,1,4,0,0,0,0,0
Russia,All Types,1969,273,1258,70,3570,2022-05-10,42,1,7,2,52,0,0,0,0,0
Russia,All Types,1972,273,1264,70,3579,2022-05-11,3,0,6,0,9,0,0,0,0,0
Russia,All Types,2006,273,1273,71,3623,2022-05-12,34,0,9,1,44,0,0,0,0,0
Russia,All Types,2006,273,1275,71,3625,2022-05-13,0,0,2,0,2,0,0,0,0,0
Russia,All Types,2032,281,1278,74,3665,2022-05-14,26,8,3,3,40,0,0,0,0,0
Russia,All Types,2034,283,1284,74,3675,2022-05-15,2,2,6,0,10,0,0,0,0,0
Russia,All Types,2035,288,1284,74,3681,2022-05-20,1,5,0,0,6,0,0,0,0,0
Russia,All Types,2055,290,1290,74,3709,2022-05-21,20,2,6,0,28,0,0,0,0,0
Russia,All Types,2120,292,1311,75,3798,2022-05-23,65,2,21,1,89,0,0,0,0,0
Russia,All Types,2236,294,1320,75,3925,2022-05-24,116,2,9,0,127,0,0,0,0,0
Russia,All Types,2351,295,1337,75,4058,2022-05-25,115,1,17,0,133,0,0,0,0,0
Russia,All Types,2395,307,1342,75,4119,2022-05-26,44,12,5,0,61,0,0,0,0,0
Russia,All Types,2408,317,1346,75,4146,2022-05-27,13,10,4,0,27,0,0,0,0,0
Russia,All Types,2416,317,1347,75,4155,2022-05-28,8,0,1,0,9,0,0,0,0,0
Russia,All Types,2428,316,1353,75,4172,2022-05-29,12,-1,6,0,17,0,0,0,0,0
Russia,All Types,2437,316,1355,74,4182,2022-05-30,9,0,2,-1,10,0,0,0,0,0
Russia,All Types,2441,316,1357,75,4189,2022-05-31,4,0,2,1,7,0,0,0,0,0
Russia,All Types,2446,316,1358,75,4195,2022-06-01,5,0,1,0,6,0,0,0,0,0
Russia,All Types,2455,316,1363,72,4206,2022-06-02,9,0,5,-3,11,0,0,0,0,0
Russia,All Types,2458,316,1367,72,4213,2022-06-03,3,0,4,0,7,0,0,0,0,0
Russia,All Types,2476,318,1370,73,4237,2022-06-05,18,2,3,1,24,0,0,0,0,0
Russia,All Types,2479,315,1370,74,4238,2022-06-06,3,-3,0,1,1,0,0,0,0,0
Russia,All Types,2483,316,1372,74,4245,2022-06-07,4,1,2,0,7,0,0,0,0,0
Russia,All Types,2497,316,1370,75,4258,2022-06-08,14,0,-2,1,13,0,0,0,0,0
Russia,All Types,2505,315,1370,78,4268,2022-06-09,8,-1,0,3,10,0,0,0,0,0
Russia,All Types,13359,1011,2974,805,18149,2024-09-30,10854,696,1604,727,13881,0,0,0,0,0
Russia,All Types,13404,1019,2975,805,18203,2024-10-03,45,8,1,0,54,0,0,0,0,0
Russia,All Types,13449,1020,2975,806,18250,2024-10-06,45,1,0,1,47,0,0,0,0,0
Russia,All Types,13511,1022,2976,807,18316,2024-10-09,62,2,1,1,66,0,0,0,0,0
Russia,All Types,13790,1051,2982,812,18635,2024-10-24,279,29,6,5,319,0,0,0,0,0
Russia,All Types,13864,1054,2982,813,18713,2024-10-27,74,3,0,1,78,0,0,0,0,0
Russia,All Types,13927,1054,2984,814,18779,2024-10-30,63,0,2,1,66,0,0,0,0,0
Russia,All Types,13994,1053,2984,813,18844,2024-11-02,67,-1,0,-1,65,0,0,0,0,0
Russia,All Types,14048,1056,2986,814,18904,2024-11-05,54,3,2,1,60,0,0,0,0,0
Russia,All Types,14125,1058,2986,815,18984,2024-11-11,77,2,0,1,80,0,0,0,0,0
Russia,All Types,14186,1064,2987,815,19052,2024-11-14,61,6,1,0,68,0,0,0,0,0
Russia,All Types,14241,1066,2988,815,19110,2024-11-17,55,2,1,0,58,0,0,0,0,0
Russia,All Types,14295,1069,2989,815,19168,2024-11-20,54,3,1,0,58,0,0,0,0,0
Russia,All Types,14308,1065,2992,815,19180,2024-11-23,13,-4,3,0,12,0,0,0,0,0
Russia,All Types,14367,1072,2993,815,19247,2024-11-27,59,7,1,0,67,0,0,0,0,0
Russia,All Types,14409,1080,2995,815,19299,2024-11-30,42,8,2,0,52,0,0,0,0,0
Russia,All Types,14438,1082,2996,816,19332,2024-12-03,29,2,1,1,33,0,0,0,0,0
Russia,All Types,14553,1090,2998,818,19459,2024-12-09,115,8,2,2,127,0,0,0,0,0
Russia,All Types,14582,1093,2997,818,19490,2024-12-12,29,3,-1,0,31,0,0,0,0,0
Russia,All Types,14626,1097,2994,818,19535,2024-12-16,44,4,-3,0,45,0,0,0,0,0
Russia,All Types,14681,1091,2995,820,19587,2024-12-18,55,-6,1,2,52,0,0,0,0,0
Russia,All Types,14728,1095,2999,820,19642,2024-12-23,47,4,4,0,55,0,0,0,0,0
Russia,All Types,14764,1097,3001,821,19683,2024-12-26,36,2,2,1,41,0,0,0,0,0
Russia,All Types,14771,1097,3002,820,19690,2024-12-29,7,0,1,-1,7,0,0,0,0,0
Russia,All Types,14791,1096,3004,821,19712,2024-12-31,20,-1,2,1,22,0,0,0,0,0
Russia,All Types,14882,1099,3006,821,19808,2025-01-07,91,3,2,0,96,0,0,0,0,0
Russia,All Types,14931,1102,3006,825,19864,2025-01-10,49,3,0,4,56,0,0,0,0,0
Russia,All Types,14950,1103,3006,825,19884,2025-01-13,19,1,0,0,20,0,0,0,0,0
Russia,All Types,14978,1106,3007,841,19932,2025-01-16,28,3,1,16,48,0,0,0,0,0
Russia,All Types,15039,1115,3008,842,20004,2025-01-19,61,9,1,1,72,0,0,0,0,0
Russia,All Types,15051,1113,3011,852,20027,2025-01-22,12,-2,3,10,23,0,0,0,0,0
Russia,All Types,15091,1114,3011,852,20068,2025-01-25,40,1,0,0,41,0,0,0,0,0
Russia,All Types,15168,1117,3011,852,20148,2025-01-31,77,3,0,0,80,0,0,0,0,0
Russia,All Types,15183,1116,3011,855,20165,2025-02-02,15,-1,0,3,17,0,0,0,0,0
Russia,All Types,15189,1116,3011,855,20171,2025-02-03,6,0,0,0,6,0,0,0,0,0
Russia,All Types,15282,1122,3011,855,20270,2025-02-11,93,6,0,0,99,0,0,0,0,0
Russia,All Types,15315,1124,3012,858,20309,2025-02-12,33,2,1,3,39,0,0,0,0,0
Russia,All Types,15344,1122,3013,858,20337,2025-02-16,29,-2,1,0,28,0,0,0,0,0
Russia,All Types,15386,1125,3013,858,20382,2025-02-18,42,3,0,0,45,0,0,0,0,0
Russia,All Types,15450,1126,3013,858,20447,2025-02-21,64,1,0,0,65,0,0,0,0,0
Russia,All Types,15494,1132,3014,861,20501,2025-02-23,44,6,1,3,54,0,0,0,0,0
Russia,All Types,15499,1132,3014,861,20506,2025-02-24,5,0,0,0,5,0,0,0,0,0
Russia,All Types,15542,1134,3014,861,20551,2025-02-27,43,2,0,0,45,0,0,0,0,0
Russia,All Types,15567,1134,3015,861,20577,2025-03-02,25,0,1,0,26,0,0,0,0,0
Russia,All Types,15775,1144,3020,866,20805,2025-03-20,208,10,5,5,228,0,0,0,0,0
Russia,All Types,15820,1142,3021,873,20856,2025-03-24,45,-2,1,7,51,0,0,0,0,0
Russia,All Types,15860,1143,3023,874,20900,2025-03-27,40,1,2,1,44,0,0,0,0,0
Russia,All Types,15899,1143,3024,877,20943,2025-03-30,39,0,1,3,43,0,0,0,0,0
Russia,All Types,15884,1143,3024,877,20928,2025-03-31,-15,0,0,0,-15,0,0,0,0,0
Russia,All Types,15929,1148,3026,879,20982,2025-04-02,45,5,2,2,54,0,0,0,0,0
Russia,Anti-Aircraft Guns,34,0,18,1,53,2024-09-30,0,0,0,0,0,0,0,0,0,0
Russia,Anti-Aircraft Guns,35,0,18,1,54,2024-10-06,1,0,0,0,1,0,0,0,0,0
Russia,Anti-Aircraft Guns,36,0,18,1,55,2024-10-09,1,0,0,0,1,0,0,0,0,0
Russia,Anti-Aircraft Guns,37,0,18,1,56,2024-10-22,1,0,0,0,1,0,0,0,0,0
Russia,Anti-Aircraft Guns,38,0,18,1,57,2024-11-14,1,0,0,0,1,0,0,0,0,0
Russia,Anti-Aircraft Guns,39,0,18,1,58,2025-01-31,1,0,0,0,1,0,0,0,0,0
Russia,Anti-Aircraft Guns,40,0,18,1,59,2025-02-27,1,0,0,0,1,0,0,0,0,0
Russia,Armoured Fighting Vehicles,1199,96,271,36,1602,2024-09-30,0,0,0,0,0,0,0,0,0,0
Russia,Armoured Fighting Vehicles,1208,99,271,36,1614,2024-10-02,9,3,0,0,12,0,0,0,0,0
Russia,Armoured Fighting Vehicles,1216,99,271,36,1622,2024-10-06,8,0,0,0,8,0,0,0,0,0
Russia,Armoured Fighting Vehicles,1226,99,271,36,1632,2024-10-09,10,0,0,0,10,0,0,0,0,0
Russia,Armoured Fighting Vehicles,1224,98,271,36,1629,2024-10-21,-2,-1,0,0,-3,0,0,0,0,0
Russia,Armoured Fighting Vehicles,1269,104,271,36,1680,2024-10-22,45,6,0,0,51,0,0,0,0,0
Russia,Armoured Fighting Vehicles,1271,105,271,36,1683,2024-10-23,2,1,0,0,3,0,0,0,0,0
Russia,Armoured Fighting Vehicles,1274,105,271,36,1686,2024-10-24,3,0,0,0,3,0,0,0,0,0
Russia,Armoured Fighting Vehicles,1286,105,271,36,1698,2024-10-27,12,0,0,0,12,0,0,0,0,0
Russia,Armoured Fighting Vehicles,1302,104,271,36,1713,2024-10-30,16,-1,0,0,15,0,0,0,0,0
Russia,Armoured Fighting Vehicles,1306,105,271,36,1718,2024-11-02,4,1,0,0,5,0,0,0,0,0
Russia,Armoured Fighting Vehicles,1311,105,271,36,1723,2024-11-05,5,0,0,0,5,0,0,0,0,0
Russia,Armoured Fighting Vehicles,1324,105,271,36,1736,2024-11-11,13,0,0,0,13,0,0,0,0,0
Russia,Armoured Fighting Vehicles,1332,105,271,36,1744,2024-11-14,8,0,0,0,8,0,0,0,0,0
Russia,Armoured Fighting Vehicles,1341,105,271,36,1753,2024-11-17,9,0,0,0,9,0,0,0,0,0
Russia,Armoured Fighting Vehicles,1345,105,271,36,1757,2024-11-20,4,0,0,0,4,0,0,0,0,0
Russia,Armoured Fighting Vehicles,1345,104,271,36,1756,2024-11-23,0,-1,0,0,-1,0,0,0,0,0
Russia,Armoured Fighting Vehicles,1356,104,271,36,1767,2024-11-27,11,0,0,0,11,0,0,0,0,0
Russia,Armoured Fighting Vehicles,1358,104,271,36,1769,2024-11-30,2,0,0,0,2,0,0,0,0,0
Russia,Armoured Fighting Vehicles,1363,104,271,36,1774,2024-12-03,5,0,0,0,5,0,0,0,0,0
Russia,Armoured Fighting Vehicles,1387,104,271,36,1798,2024-12-09,24,0,0,0,24,0,0,0,0,0
Russia,Armoured Fighting Vehicles,1392,104,271,36,1803,2024-12-12,5,0,0,0,5,0,0,0,0,0
Russia,Armoured Fighting Vehicles,1402,104,271,36,1813,2024-12-16,10,0,0,0,10,0,0,0,0,0
Russia,Armoured Fighting Vehicles,1400,104,271,36,1811,2024-12-17,-2,0,0,0,-2,0,0,0,0,0
Russia,Armoured Fighting Vehicles,1407,104,271,36,1818,2024-12-18,7,0,0,0,7,0,0,0,0,0
Russia,Armoured Fighting Vehicles,1412,104,271,36,1823,2024-12-23,5,0,0,0,5,0,0,0,0,0
Russia,Armoured Fighting Vehicles,1413,104,271,36,1824,2024-12-26,1,0,0,0,1,0,0,0,0,0
Russia,Armoured Fighting Vehicles,1410,104,271,35,1820,2024-12-29,-3,0,0,-1,-4,0,0,0,0,0
Russia,Armoured Fighting Vehicles,1412,104,271,35,1822,2024-12-31,2,0,0,0,2,0,0,0,0,0
Russia,Armoured Fighting Vehicles,1434,104,271,35,1844,2025-01-07,22,0,0,0,22,0,0,0,0,0
Russia,Armoured Fighting Vehicles,1440,104,271,35,1850,2025-01-10,6,0,0,0,6,0,0,0,0,0
Russia,Armoured Fighting Vehicles,1442,104,271,35,1852,2025-01-13,2,0,0,0,2,0,0,0,0,0
Russia,Armoured Fighting Vehicles,1444,104,271,35,1854,2025-01-16,2,0,0,0,2,0,0,0,0,0
Russia,Armoured Fighting Vehicles,1451,106,271,35,1863,2025-01-19,7,2,0,0,9,0,0,0,0,0
Russia,Armoured Fighting Vehicles,1458,106,271,35,1870,2025-01-25,7,0,0,0,7,0,0,0,0,0
Russia,Armoured Fighting Vehicles,1469,106,271,35,1881,2025-01-31,11,0,0,0,11,0,0,0,0,0
Russia,Armoured Fighting Vehicles,1470,105,271,35,1881,2025-02-02,1,-1,0,0,0,0,0,0,0,0
Russia,Armoured Fighting Vehicles,1472,105,271,35,1883,2025-02-03,2,0,0,0,2,0,0,0,0,0
Russia,Armoured Fighting Vehicles,1489,104,271,35,1899,2025-02-11,17,-1,0,0,16,0,0,0,0,0
Russia,Armoured Fighting Vehicles,1492,104,271,35,1902,2025-02-12,3,0,0,0,3,0,0,0,0,0
Russia,Armoured Fighting Vehicles,1496,104,271,35,1906,2025-02-16,4,0,0,0,4,0,0,0,0,0
Russia,Armoured Fighting Vehicles,1505,104,271,35,1915,2025-02-18,9,0,0,0,9,0,0,0,0,0
Russia,Armoured Fighting Vehicles,1513,105,271,35,1924,2025-02-21,8,1,0,0,9,0,0,0,0,0
Russia,Armoured Fighting Vehicles,1519,108,271,35,1933,2025-02-23,6,3,0,0,9,0,0,0,0,0
Russia,Armoured Fighting Vehicles,1522,109,271,35,1937,2025-02-27,3,1,0,0,4,0,0,0,0,0
Russia,Armoured Fighting Vehicles,1523,109,271,35,1938,2025-03-02,1,0,0,0,1,0,0,0,0,0
Russia,Armoured Fighting Vehicles,1554,112,271,35,1972,2025-03-20,31,3,0,0,34,0,0,0,0,0
Russia,Armoured Fighting Vehicles,1557,111,271,36,1975,2025-03-24,3,-1,0,1,3,0,0,0,0,0
Russia,Armoured Fighting Vehicles,1564,111,271,36,1982,2025-03-27,7,0,0,0,7,0,0,0,0,0
Russia,Armoured Fighting Vehicles,1574,111,271,36,1992,2025-03-30,10,0,0,0,10,0,0,0,0,0
Russia,Armoured Fighting Vehicles,1578,111,271,36,1996,2025-03-31,4,0,0,0,4,0,0,0,0,0
Russia,Armoured Fighting Vehicles,1584,112,273,36,2005,2025-04-02,6,1,2,0,9,0,0,0,0,0
Russia,Armoured Fighting Vehicles,1593,114,273,36,2016,2025-04-07,9,2,0,0,11,0,0,0,0,0
Russia,Armoured Personnel Carriers,346,37,92,18,493,2024-09-30,0,0,0,0,0,0,0,0,0,0
Russia,Armoured Personnel Carriers,350,37,92,18,497,2024-10-03,4,0,0,0,4,0,0,0,0,0
Russia,Armoured Personnel Carriers,353,37,92,18,500,2024-10-06,3,0,0,0,3,0,0,0,0,0
Russia,Armoured Personnel Carriers,356,37,92,18,503,2024-10-09,3,0,0,0,3,0,0,0,0,0
Russia,Armoured Personnel Carriers,368,40,92,18,518,2024-10-22,12,3,0,0,15,0,0,0,0,0
Russia,Armoured Personnel Carriers,373,41,92,18,524,2024-10-27,5,1,0,0,6,0,0,0,0,0
Russia,Armoured Personnel Carriers,374,41,92,18,525,2024-10-30,1,0,0,0,1,0,0,0,0,0
Russia,Armoured Personnel Carriers,383,41,92,18,534,2024-11-02,9,0,0,0,9,0,0,0,0,0
Russia,Armoured Personnel Carriers,388,40,92,18,538,2024-11-11,5,-1,0,0,4,0,0,0,0,0
Russia,Armoured Personnel Carriers,394,40,92,18,544,2024-11-14,6,0,0,0,6,0,0,0,0,0
Russia,Armoured Personnel Carriers,399,41,92,18,550,2024-11-17,5,1,0,0,6,0,0,0,0,0
Russia,Armoured Personnel Carriers,408,42,92,18,560,2024-11-20,9,1,0,0,10,0,0,0,0,0
Russia,Armoured Personnel Carriers,410,42,92,18,562,2024-11-23,2,0,0,0,2,0,0,0,0,0
Russia,Armoured Personnel Carriers,409,42,92,18,561,2024-11-27,-1,0,0,0,-1,0,0,0,0,0
Russia,Armoured Personnel Carriers,411,42,92,18,563,2024-12-03,2,0,0,0,2,0,0,0,0,0
Russia,Armoured Personnel Carriers,418,44,92,18,572,2024-12-09,7,2,0,0,9,0,0,0,0,0
Russia,Armoured Personnel Carriers,419,44,92,18,573,2024-12-12,1,0,0,0,1,0,0,0,0,0
Russia,Armoured Personnel Carriers,421,44,92,18,575,2024-12-16,2,0,0,0,2,0,0,0,0,0
Russia,Armoured Personnel Carriers,422,43,92,18,575,2024-12-17,1,-1,0,0,0,0,0,0,0,0
Russia,Armoured Personnel Carriers,425,43,92,18,578,2024-12-18,3,0,0,0,3,0,0,0,0,0
Russia,Armoured Personnel Carriers,428,43,92,18,581,2024-12-23,3,0,0,0,3,0,0,0,0,0
Russia,Armoured Personnel Carriers,429,43,92,18,582,2024-12-26,1,0,0,0,1,0,0,0,0,0
Russia,Armoured Personnel Carriers,432,43,92,18,585,2024-12-29,3,0,0,0,3,0,0,0,0,0
Russia,Armoured Personnel Carriers,433,43,92,18,586,2024-12-31,1,0,0,0,1,0,0,0,0,0
Russia,Armoured Personnel Carriers,440,42,92,18,592,2025-01-07,7,-1,0,0,6,0,0,0,0,0
Russia,Armoured Personnel Carriers,443,42,92,18,595,2025-01-10,3,0,0,0,3,0,0,0,0,0
Russia,Armoured Personnel Carriers,444,42,92,18,596,2025-01-13,1,0,0,0,1,0,0,0,0,0
Russia,Armoured Personnel Carriers,448,42,92,18,600,2025-01-16,4,0,0,0,4,0,0,0,0,0
Russia,Armoured Personnel Carriers,452,42,92,18,604,2025-01-19,4,0,0,0,4,0,0,0,0,0
Russia,Armoured Personnel Carriers,452,43,92,18,605,2025-01-22,0,1,0,0,1,0,0,0,0,0
Russia,Armoured Personnel Carriers,453,43,92,18,606,2025-01-25,1,0,0,0,1,0,0,0,0,0
Russia,Armoured Personnel Carriers,457,43,92,18,610,2025-01-31,4,0,0,0,4,0,0,0,0,0
Russia,Armoured Personnel Carriers,459,43,92,18,612,2025-02-02,2,0,0,0,2,0,0,0,0,0
Russia,Armoured Personnel Carriers,461,44,92,18,615,2025-02-11,2,1,0,0,3,0,0,0,0,0
Russia,Armoured Personnel Carriers,458,44,92,18,612,2025-02-16,-3,0,0,0,-3,0,0,0,0,0
Russia,Armoured Personnel Carriers,459,45,92,18,614,2025-02-18,1,1,0,0,2,0,0,0,0,0
Russia,Armoured Personnel Carriers,462,43,92,18,615,2025-02-23,3,-2,0,0,1,0,0,0,0,0
Russia,Armoured Personnel Carriers,463,43,92,18,616,2025-02-27,1,0,0,0,1,0,0,0,0,0
Russia,Armoured Personnel Carriers,464,43,92,18,617,2025-03-02,1,0,0,0,1,0,0,0,0,0
Russia,Armoured Personnel Carriers,469,42,93,18,622,2025-03-20,5,-1,1,0,5,0,0,0,0,0
Russia,Armoured Personnel Carriers,471,42,93,18,624,2025-03-24,2,0,0,0,2,0,0,0,0,0
Russia,Armoured Personnel Carriers,472,42,94,18,626,2025-03-27,1,0,1,0,2,0,0,0,0,0
Russia,Armoured Personnel Carriers,474,42,94,18,628,2025-03-30,2,0,0,0,2,0,0,0,0,0
Russia,Armoured Personnel Carriers,477,42,94,18,631,2025-04-02,3,0,0,0,3,0,0,0,0,0
Russia,Armoured Personnel Carriers,478,42,94,18,632,2025-04-07,1,0,0,0,1,0,0,0,0,0
Russia,Artillery Support Vehicles And Equipment,71,1,55,0,127,2024-09-30,0,0,0,0,0,0,0,0,0,0
Russia,Artillery Support Vehicles And Equipment,72,1,55,0,128,2024-11-23,1,0,0,0,1,0,0,0,0,0
Russia,Artillery Support Vehicles And Equipment,73,1,55,0,129,2024-11-27,1,0,0,0,1,0,0,0,0,0
Russia,Artillery Support Vehicles And Equipment,74,1,55,0,130,2025-01-22,1,0,0,0,1,0,0,0,0,0
Russia,Artillery Support Vehicles And Equipment,75,1,55,0,131,2025-04-02,1,0,0,0,1,0,0,0,0,0
Russia,Command Posts And Communications Stations,197,2,86,5,290,2024-09-30,0,0,0,0,0,0,0,0,0,0
Russia,Command Posts And Communications Stations,200,2,86,5,293,2024-10-22,3,0,0,0,3,0,0,0,0,0
Russia,Command Posts And Communications Stations,204,2,86,5,297,2024-12-16,4,0,0,0,4,0,0,0,0,0
Russia,Command Posts And Communications Stations,205,2,86,5,298,2025-02-18,1,0,0,0,1,0,0,0,0,0
Russia,Command Posts And Communications Stations,206,2,86,5,299,2025-02-27,1,0,0,0,1,0,0,0,0,0
Russia,Command Posts And Communications Stations,207,2,86,5,300,2025-03-20,1,0,0,0,1,0,0,0,0,0
Russia,Engineering Vehicles And Equipment,332,49,153,45,579,2024-09-30,0,0,0,0,0,0,0,0,0,0
Russia,Engineering Vehicles And Equipment,333,49,153,45,580,2024-10-03,1,0,0,0,1,0,0,0,0,0
Russia,Engineering Vehicles And Equipment,337,49,153,45,584,2024-10-22,4,0,0,0,4,0,0,0,0,0
Russia,Engineering Vehicles And Equipment,339,49,153,45,586,2024-10-27,2,0,0,0,2,0,0,0,0,0
Russia,Engineering Vehicles And Equipment,340,50,153,45,588,2024-10-30,1,1,0,0,2,0,0,0,0,0
Russia,Engineering Vehicles And Equipment,342,50,153,45,590,2024-11-02,2,0,0,0,2,0,0,0,0,0
Russia,Engineering Vehicles And Equipment,343,50,153,45,591,2024-11-05,1,0,0,0,1,0,0,0,0,0
Russia,Engineering Vehicles And Equipment,344,50,153,45,592,2024-11-14,1,0,0,0,1,0,0,0,0,0
Russia,Engineering Vehicles And Equipment,346,50,153,45,594,2024-11-20,2,0,0,0,2,0,0,0,0,0
Russia,Engineering Vehicles And Equipment,346,51,153,45,595,2024-11-27,0,1,0,0,1,0,0,0,0,0
Russia,Engineering Vehicles And Equipment,350,51,153,45,599,2024-12-09,4,0,0,0,4,0,0,0,0,0
Russia,Engineering Vehicles And Equipment,351,52,154,45,602,2024-12-12,1,1,1,0,3,0,0,0,0,0
Russia,Engineering Vehicles And Equipment,351,52,155,45,603,2024-12-16,0,0,1,0,1,0,0,0,0,0
Russia,Engineering Vehicles And Equipment,353,54,154,45,606,2024-12-18,2,2,-1,0,3,0,0,0,0,0
Russia,Engineering Vehicles And Equipment,354,55,154,45,608,2025-01-07,1,1,0,0,2,0,0,0,0,0
Russia,Engineering Vehicles And Equipment,354,56,154,45,609,2025-01-10,0,1,0,0,1,0,0,0,0,0
Russia,Engineering Vehicles And Equipment,356,56,154,45,611,2025-01-13,2,0,0,0,2,0,0,0,0,0
Russia,Engineering Vehicles And Equipment,358,56,154,45,613,2025-01-16,2,0,0,0,2,0,0,0,0,0
Russia,Engineering Vehicles And Equipment,362,56,154,45,617,2025-01-19,4,0,0,0,4,0,0,0,0,0
Russia,Engineering Vehicles And Equipment,363,56,154,45,618,2025-01-22,1,0,0,0,1,0,0,0,0,0
Russia,Engineering Vehicles And Equipment,364,56,154,45,619,2025-01-25,1,0,0,0,1,0,0,0,0,0
Russia,Engineering Vehicles And Equipment,366,57,154,45,622,2025-01-31,2,1,0,0,3,0,0,0,0,0
Russia,Engineering Vehicles And Equipment,367,57,154,45,623,2025-02-11,1,0,0,0,1,0,0,0,0,0
Russia,Engineering Vehicles And Equipment,368,57,154,45,624,2025-02-21,1,0,0,0,1,0,0,0,0,0
Russia,Engineering Vehicles And Equipment,368,58,154,45,625,2025-02-23,0,1,0,0,1,0,0,0,0,0
Russia,Engineering Vehicles And Equipment,369,58,154,45,626,2025-03-19,1,0,0,0,1,0,0,0,0,0
Russia,Engineering Vehicles And Equipment,373,58,154,45,630,2025-03-20,4,0,0,0,4,0,0,0,0,0
Russia,Engineering Vehicles And Equipment,376,58,154,46,634,2025-03-24,3,0,0,1,4,0,0,0,0,0
Russia,Engineering Vehicles And Equipment,377,58,154,46,635,2025-03-27,1,0,0,0,1,0,0,0,0,0
Russia,Engineering Vehicles And Equipment,378,58,154,46,636,2025-03-30,1,0,0,0,1,0,0,0,0,0
Russia,Engineering Vehicles And Equipment,379,58,154,46,637,2025-04-02,1,0,0,0,1,0,0,0,0,0
Russia,Engineering Vehicles And Equipment,382,58,154,48,642,2025-04-07,3,0,0,2,5,0,0,0,0,0
Russia,Helicopters,113,0,2,30,145,2024-09-30,0,0,0,0,0,0,0,0,0,0
Russia,Helicopters,114,0,2,30,146,2024-10-22,1,0,0,0,1,0,0,0,0,0
Russia,Helicopters,115,0,2,30,147,2024-11-11,1,0,0,0,1,0,0,0,0,0
Russia,Helicopters,116,0,2,30,148,2024-12-26,1,0,0,0,1,0,0,0,0,0
Russia,Helicopters,117,0,2,30,149,2024-12-31,1,0,0,0,1,0,0,0,0,0
Russia,Helicopters,119,0,2,30,151,2025-01-07,2,0,0,0,2,0,0,0,0,0
Russia,Helicopters,120,0,2,30,152,2025-02-27,1,0,0,0,1,0,0,0,0,0
Russia,Helicopters,122,0,2,32,156,2025-03-30,2,0,0,2,4,0,0,0,0,0
Russia,Helicopters,122,0,2,33,157,2025-04-02,0,0,0,1,1,0,0,0,0,0
Russia,Infantry Fighting Vehicles,3492,381,622,149,4644,2024-09-30,0,0,0,0,0,0,0,0,0,0
Russia,Infantry Fighting Vehicles,3507,385,623,149,4664,2024-10-03,15,4,1,0,20,0,0,0,0,0
Russia,Infantry Fighting Vehicles,3521,386,623,149,4679,2024-10-06,14,1,0,0,15,0,0,0,0,0
Russia,Infantry Fighting Vehicles,3548,388,623,149,4708,2024-10-09,27,2,0,0,29,0,0,0,0,0
Russia,Infantry Fighting Vehicles,3549,387,623,148,4707,2024-10-21,1,-1,0,-1,-1,0,0,0,0,0
Russia,Infantry Fighting Vehicles,3636,398,623,150,4807,2024-10-22,87,11,0,2,100,0,0,0,0,0
Russia,Infantry Fighting Vehicles,3641,405,623,150,4819,2024-10-23,5,7,0,0,12,0,0,0,0,0
Russia,Infantry Fighting Vehicles,3642,405,623,151,4821,2024-10-24,1,0,0,1,2,0,0,0,0,0
Russia,Infantry Fighting Vehicles,3671,406,623,151,4851,2024-10-27,29,1,0,0,30,0,0,0,0,0
Russia,Infantry Fighting Vehicles,3695,406,623,151,4875,2024-10-30,24,0,0,0,24,0,0,0,0,0
Russia,Infantry Fighting Vehicles,3720,404,623,150,4897,2024-11-02,25,-2,0,-1,22,0,0,0,0,0
Russia,Infantry Fighting Vehicles,3743,407,623,150,4923,2024-11-05,23,3,0,0,26,0,0,0,0,0
Russia,Infantry Fighting Vehicles,3771,411,623,150,4955,2024-11-11,28,4,0,0,32,0,0,0,0,0
Russia,Infantry Fighting Vehicles,3797,416,623,150,4986,2024-11-14,26,5,0,0,31,0,0,0,0,0
Russia,Infantry Fighting Vehicles,3819,416,623,150,5008,2024-11-17,22,0,0,0,22,0,0,0,0,0
Russia,Infantry Fighting Vehicles,3838,417,623,150,5028,2024-11-20,19,1,0,0,20,0,0,0,0,0
Russia,Infantry Fighting Vehicles,3845,415,623,150,5033,2024-11-23,7,-2,0,0,5,0,0,0,0,0
Russia,Infantry Fighting Vehicles,3866,421,624,150,5061,2024-11-27,21,6,1,0,28,0,0,0,0,0
Russia,Infantry Fighting Vehicles,3888,428,625,150,5091,2024-11-30,22,7,1,0,30,0,0,0,0,0
Russia,Infantry Fighting Vehicles,3900,430,625,150,5105,2024-12-03,12,2,0,0,14,0,0,0,0,0
Russia,Infantry Fighting Vehicles,3946,433,625,150,5154,2024-12-09,46,3,0,0,49,0,0,0,0,0
Russia,Infantry Fighting Vehicles,3958,435,625,150,5168,2024-12-12,12,2,0,0,14,0,0,0,0,0
Russia,Infantry Fighting Vehicles,3981,437,625,150,5193,2024-12-16,23,2,0,0,25,0,0,0,0,0
Russia,Infantry Fighting Vehicles,3976,434,625,151,5186,2024-12-17,-5,-3,0,1,-7,0,0,0,0,0
Russia,Infantry Fighting Vehicles,4000,434,625,151,5210,2024-12-18,24,0,0,0,24,0,0,0,0,0
Russia,Infantry Fighting Vehicles,4022,436,625,151,5234,2024-12-23,22,2,0,0,24,0,0,0,0,0
Russia,Infantry Fighting Vehicles,4038,438,625,151,5252,2024-12-26,16,2,0,0,18,0,0,0,0,0
Russia,Infantry Fighting Vehicles,4042,440,625,151,5258,2024-12-29,4,2,0,0,6,0,0,0,0,0
Russia,Infantry Fighting Vehicles,4044,441,627,151,5263,2024-12-31,2,1,2,0,5,0,0,0,0,0
Russia,Infantry Fighting Vehicles,4074,441,627,151,5293,2025-01-07,30,0,0,0,30,0,0,0,0,0
Russia,Infantry Fighting Vehicles,4097,442,627,151,5317,2025-01-10,23,1,0,0,24,0,0,0,0,0
Russia,Infantry Fighting Vehicles,4102,442,627,151,5322,2025-01-13,5,0,0,0,5,0,0,0,0,0
Russia,Infantry Fighting Vehicles,4112,442,627,151,5332,2025-01-16,10,0,0,0,10,0,0,0,0,0
Russia,Infantry Fighting Vehicles,4141,446,627,152,5366,2025-01-19,29,4,0,1,34,0,0,0,0,0
Russia,Infantry Fighting Vehicles,4146,445,628,152,5371,2025-01-22,5,-1,1,0,5,0,0,0,0,0
Russia,Infantry Fighting Vehicles,4162,447,628,152,5389,2025-01-25,16,2,0,0,18,0,0,0,0,0
Russia,Infantry Fighting Vehicles,4199,449,628,152,5428,2025-01-31,37,2,0,0,39,0,0,0,0,0
Russia,Infantry Fighting Vehicles,4202,451,628,153,5434,2025-02-02,3,2,0,1,6,0,0,0,0,0
Russia,Infantry Fighting Vehicles,4205,451,628,153,5437,2025-02-03,3,0,0,0,3,0,0,0,0,0
Russia,Infantry Fighting Vehicles,4226,452,628,153,5459,2025-02-11,21,1,0,0,22,0,0,0,0,0
Russia,Infantry Fighting Vehicles,4234,452,628,153,5467,2025-02-12,8,0,0,0,8,0,0,0,0,0
Russia,Infantry Fighting Vehicles,4239,450,628,153,5470,2025-02-16,5,-2,0,0,3,0,0,0,0,0
Russia,Infantry Fighting Vehicles,4247,450,628,153,5478,2025-02-18,8,0,0,0,8,0,0,0,0,0
Russia,Infantry Fighting Vehicles,4275,450,628,153,5506,2025-02-21,28,0,0,0,28,0,0,0,0,0
Russia,Infantry Fighting Vehicles,4297,452,628,152,5529,2025-02-23,22,2,0,-1,23,0,0,0,0,0
Russia,Infantry Fighting Vehicles,4299,452,628,152,5531,2025-02-24,2,0,0,0,2,0,0,0,0,0
Russia,Infantry Fighting Vehicles,4313,452,628,152,5545,2025-02-27,14,0,0,0,14,0,0,0,0,0
Russia,Infantry Fighting Vehicles,4322,452,628,152,5554,2025-03-02,9,0,0,0,9,0,0,0,0,0
Russia,Infantry Fighting Vehicles,4403,456,629,152,5640,2025-03-20,81,4,1,0,86,0,0,0,0,0
Russia,Infantry Fighting Vehicles,4421,455,629,152,5657,2025-03-24,18,-1,0,0,17,0,0,0,0,0
Russia,Infantry Fighting Vehicles,4428,456,629,152,5665,2025-03-27,7,1,0,0,8,0,0,0,0,0
Russia,Infantry Fighting Vehicles,4437,456,629,152,5674,2025-03-30,9,0,0,0,9,0,0,0,0,0
Russia,Infantry Fighting Vehicles,4431,456,629,153,5669,2025-03-31,-6,0,0,1,-5,0,0,0,0,0
Russia,Infantry Fighting Vehicles,4450,459,629,153,5691,2025-04-02,19,3,0,0,22,0,0,0,0,0
Russia,Infantry Fighting Vehicles,4475,461,629,153,5718,2025-04-07,25,2,0,0,27,0,0,0,0,0
Russia,Infantry Mobility Vehicles,215,3,54,16,288,2024-09-30,0,0,0,0,0,0,0,0,0,0
Russia,Infantry Mobility Vehicles,216,3,54,16,289,2024-10-03,1,0,0,0,1,0,0,0,0,0
Russia,Infantry Mobility Vehicles,217,3,54,16,290,2024-10-06,1,0,0,0,1,0,0,0,0,0
Russia,Infantry Mobility Vehicles,218,3,54,16,291,2024-10-09,1,0,0,0,1,0,0,0,0,0
Russia,Infantry Mobility Vehicles,222,3,54,17,296,2024-10-22,4,0,0,1,5,0,0,0,0,0
Russia,Infantry Mobility Vehicles,223,2,54,17,296,2024-10-23,1,-1,0,0,0,0,0,0,0,0
Russia,Infantry Mobility Vehicles,223,2,54,18,297,2024-10-27,0,0,0,1,1,0,0,0,0,0
Russia,Infantry Mobility Vehicles,226,2,54,18,300,2024-10-30,3,0,0,0,3,0,0,0,0,0
Russia,Infantry Mobility Vehicles,228,2,54,18,302,2024-11-02,2,0,0,0,2,0,0,0,0,0
Russia,Infantry Mobility Vehicles,230,2,54,18,304,2024-11-05,2,0,0,0,2,0,0,0,0,0
Russia,Infantry Mobility Vehicles,236,2,54,18,310,2024-11-11,6,0,0,0,6,0,0,0,0,0
Russia,Infantry Mobility Vehicles,238,2,54,18,312,2024-11-14,2,0,0,0,2,0,0,0,0,0
Russia,Infantry Mobility Vehicles,240,2,54,18,314,2024-11-20,2,0,0,0,2,0,0,0,0,0
Russia,Infantry Mobility Vehicles,239,2,54,18,313,2024-11-23,-1,0,0,0,-1,0,0,0,0,0
Russia,Infantry Mobility Vehicles,244,2,54,17,317,2024-11-27,5,0,0,-1,4,0,0,0,0,0
Russia,Infantry Mobility Vehicles,247,2,54,17,320,2024-11-30,3,0,0,0,3,0,0,0,0,0
Russia,Infantry Mobility Vehicles,253,2,54,18,327,2024-12-09,6,0,0,1,7,0,0,0,0,0
Russia,Infantry Mobility Vehicles,255,2,54,18,329,2024-12-12,2,0,0,0,2,0,0,0,0,0
Russia,Infantry Mobility Vehicles,246,2,51,18,317,2024-12-16,-9,0,-3,0,-12,0,0,0,0,0
Russia,Infantry Mobility Vehicles,245,2,50,18,315,2024-12-17,-1,0,-1,0,-2,0,0,0,0,0
Russia,Infantry Mobility Vehicles,251,2,51,18,322,2024-12-18,6,0,1,0,7,0,0,0,0,0
Russia,Infantry Mobility Vehicles,251,3,51,18,323,2024-12-23,0,1,0,0,1,0,0,0,0,0
Russia,Infantry Mobility Vehicles,254,3,51,18,326,2024-12-26,3,0,0,0,3,0,0,0,0,0
Russia,Infantry Mobility Vehicles,253,3,51,18,325,2024-12-29,-1,0,0,0,-1,0,0,0,0,0
Russia,Infantry Mobility Vehicles,254,6,51,18,329,2025-01-07,1,3,0,0,4,0,0,0,0,0
Russia,Infantry Mobility Vehicles,257,6,51,18,332,2025-01-10,3,0,0,0,3,0,0,0,0,0
Russia,Infantry Mobility Vehicles,258,6,51,18,333,2025-01-16,1,0,0,0,1,0,0,0,0,0
Russia,Infantry Mobility Vehicles,260,7,51,18,336,2025-01-19,2,1,0,0,3,0,0,0,0,0
Russia,Infantry Mobility Vehicles,259,7,51,18,335,2025-01-22,-1,0,0,0,-1,0,0,0,0,0
Russia,Infantry Mobility Vehicles,262,7,51,18,338,2025-01-25,3,0,0,0,3,0,0,0,0,0
Russia,Infantry Mobility Vehicles,263,7,51,18,339,2025-02-02,1,0,0,0,1,0,0,0,0,0
Russia,Infantry Mobility Vehicles,266,8,51,18,343,2025-02-11,3,1,0,0,4,0,0,0,0,0
Russia,Infantry Mobility Vehicles,268,8,51,18,345,2025-02-12,2,0,0,0,2,0,0,0,0,0
Russia,Infantry Mobility Vehicles,269,8,51,18,346,2025-02-16,1,0,0,0,1,0,0,0,0,0
Russia,Infantry Mobility Vehicles,272,8,51,18,349,2025-02-18,3,0,0,0,3,0,0,0,0,0
Russia,Infantry Mobility Vehicles,273,8,51,18,350,2025-02-21,1,0,0,0,1,0,0,0,0,0
Russia,Infantry Mobility Vehicles,275,10,51,18,354,2025-02-23,2,2,0,0,4,0,0,0,0,0
Russia,Infantry Mobility Vehicles,276,10,51,18,355,2025-03-02,1,0,0,0,1,0,0,0,0,0
Russia,Infantry Mobility Vehicles,284,11,51,18,364,2025-03-20,8,1,0,0,9,0,0,0,0,0
Russia,Infantry Mobility Vehicles,282,11,51,18,362,2025-03-24,-2,0,0,0,-2,0,0,0,0,0
Russia,Infantry Mobility Vehicles,285,11,51,18,365,2025-03-30,3,0,0,0,3,0,0,0,0,0
Russia,Jammers And Deception Systems,63,0,9,12,84,2024-09-30,0,0,0,0,0,0,0,0,0,0
Russia,Jammers And Deception Systems,64,0,9,12,85,2024-10-24,1,0,0,0,1,0,0,0,0,0
Russia,Jammers And Deception Systems,65,0,9,12,86,2024-11-17,1,0,0,0,1,0,0,0,0,0
Russia,Jammers And Deception Systems,66,0,9,12,87,2025-01-07,1,0,0,0,1,0,0,0,0,0
Russia,Jammers And Deception Systems,67,0,9,12,88,2025-03-27,1,0,0,0,1,0,0,0,0,0
Russia,"Losses excluding Recon Drones and Trucks - 14057, of which: destroyed: 10158, damaged: 708, abandoned: 962, captured: 2229",10158,962,2229,708,14057,2024-09-30,0,0,0,0,0,0,0,0,0,0
Russia,"Losses excluding Recon Drones and Trucks - 14103, of which: destroyed: 10195, damaged: 708, abandoned: 970, captured: 2230",10195,970,2230,708,14103,2024-10-03,0,0,0,0,0,0,0,0,0,0
Russia,"Losses excluding Recon Drones and Trucks - 14144, of which: destroyed: 10234, damaged: 709, abandoned: 971, captured: 2230",10234,971,2230,709,14144,2024-10-06,0,0,0,0,0,0,0,0,0,0
Russia,"Losses excluding Recon Drones and Trucks - 14202, of which: destroyed: 10289, damaged: 710, abandoned: 973, captured: 2230",10289,973,2230,710,14202,2024-10-09,0,0,0,0,0,0,0,0,0,0
Russia,"Losses excluding Recon Drones and Trucks - 14465, of which: destroyed: 10521, damaged: 713, abandoned: 1002, captured: 2229",10521,1002,2229,713,14465,2024-10-24,0,0,0,0,0,0,0,0,0,0
Russia,"Losses excluding Recon Drones and Trucks - 14532, of which: destroyed: 10584, damaged: 714, abandoned: 1005, captured: 2229",10584,1005,2229,714,14532,2024-10-27,0,0,0,0,0,0,0,0,0,0
Russia,"Losses excluding Recon Drones and Trucks - 14590, of which: destroyed: 10640, damaged: 715, abandoned: 1005, captured: 2230",10640,1005,2230,715,14590,2024-10-30,0,0,0,0,0,0,0,0,0,0
Russia,"Losses excluding Recon Drones and Trucks - 14649, of which: destroyed: 10701, damaged: 714, abandoned: 1004, captured: 2230",10701,1004,2230,714,14649,2024-11-02,0,0,0,0,0,0,0,0,0,0
Russia,"Losses excluding Recon Drones and Trucks - 14695, of which: destroyed: 10742, damaged: 715, abandoned: 1007, captured: 2231",10742,1007,2231,715,14695,2024-11-05,0,0,0,0,0,0,0,0,0,0
Russia,"Losses excluding Recon Drones and Trucks - 14767, of which: destroyed: 10811, damaged: 716, abandoned: 1009, captured: 2231",10811,1009,2231,716,14767,2024-11-11,0,0,0,0,0,0,0,0,0,0
Russia,"Losses excluding Recon Drones and Trucks - 14829, of which: destroyed: 10867, damaged: 716, abandoned: 1015, captured: 2231",10867,1015,2231,716,14829,2024-11-14,0,0,0,0,0,0,0,0,0,0
Russia,"Losses excluding Recon Drones and Trucks - 14882, of which: destroyed: 10918, damaged: 716, abandoned: 1017, captured: 2231",10918,1017,2231,716,14882,2024-11-17,0,0,0,0,0,0,0,0,0,0
Russia,"Losses excluding Recon Drones and Trucks - 14933, of which: destroyed: 10966, damaged: 716, abandoned: 1020, captured: 2231",10966,1020,2231,716,14933,2024-11-20,0,0,0,0,0,0,0,0,0,0
Russia,"Losses excluding Recon Drones and Trucks - 14943, of which: destroyed: 10979, damaged: 716, abandoned: 1016, captured: 2232",10979,1016,2232,716,14943,2024-11-23,0,0,0,0,0,0,0,0,0,0
Russia,"Losses excluding Recon Drones and Trucks - 15004, of which: destroyed: 11032, damaged: 716, abandoned: 1023, captured: 2233",11032,1023,2233,716,15004,2024-11-27,0,0,0,0,0,0,0,0,0,0
Russia,"Losses excluding Recon Drones and Trucks - 15051, of which: destroyed: 11070, damaged: 716, abandoned: 1031, captured: 2234",11070,1031,2234,716,15051,2024-11-30,0,0,0,0,0,0,0,0,0,0
Russia,"Losses excluding Recon Drones and Trucks - 15079, of which: destroyed: 11095, damaged: 717, abandoned: 1033, captured: 2234",11095,1033,2234,717,15079,2024-12-03,0,0,0,0,0,0,0,0,0,0
Russia,"Losses excluding Recon Drones and Trucks - 15197, of which: destroyed: 11204, damaged: 718, abandoned: 1040, captured: 2235",11204,1040,2235,718,15197,2024-12-09,0,0,0,0,0,0,0,0,0,0
Russia,"Losses excluding Recon Drones and Trucks - 15225, of which: destroyed: 11230, damaged: 718, abandoned: 1042, captured: 2235",11230,1042,2235,718,15225,2024-12-12,0,0,0,0,0,0,0,0,0,0
Russia,"Losses excluding Recon Drones and Trucks - 15269, of which: destroyed: 11272, damaged: 718, abandoned: 1046, captured: 2233",11272,1046,2233,718,15269,2024-12-16,0,0,0,0,0,0,0,0,0,0
Russia,"Losses excluding Recon Drones and Trucks - 15312, of which: destroyed: 11319, damaged: 720, abandoned: 1040, captured: 2233",11319,1040,2233,720,15312,2024-12-18,0,0,0,0,0,0,0,0,0,0
Russia,"Losses excluding Recon Drones and Trucks - 15358, of which: destroyed: 11361, damaged: 720, abandoned: 1044, captured: 2233",11361,1044,2233,720,15358,2024-12-23,0,0,0,0,0,0,0,0,0,0
Russia,"Losses excluding Recon Drones and Trucks - 15389, of which: destroyed: 11389, damaged: 721, abandoned: 1046, captured: 2233",11389,1046,2233,721,15389,2024-12-26,0,0,0,0,0,0,0,0,0,0
Russia,"Losses excluding Recon Drones and Trucks - 15393, of which: destroyed: 11394, damaged: 720, abandoned: 1046, captured: 2233",11394,1046,2233,720,15393,2024-12-29,0,0,0,0,0,0,0,0,0,0
Russia,"Losses excluding Recon Drones and Trucks - 15411, of which: destroyed: 11410, damaged: 721, abandoned: 1045, captured: 2235",11410,1045,2235,721,15411,2024-12-31,0,0,0,0,0,0,0,0,0,0
Russia,"Losses excluding Recon Drones and Trucks - 15492, of which: destroyed: 11488, damaged: 721, abandoned: 1048, captured: 2235",11488,1048,2235,721,15492,2025-01-07,0,0,0,0,0,0,0,0,0,0
Russia,"Losses excluding Recon Drones and Trucks - 15544, of which: destroyed: 11533, damaged: 725, abandoned: 1051, captured: 2235",11533,1051,2235,725,15544,2025-01-10,0,0,0,0,0,0,0,0,0,0
Russia,"Losses excluding Recon Drones and Trucks - 15560, of which: destroyed: 11548, damaged: 725, abandoned: 1052, captured: 2235",11548,1052,2235,725,15560,2025-01-13,0,0,0,0,0,0,0,0,0,0
Russia,"Losses excluding Recon Drones and Trucks - 15604, of which: destroyed: 11573, damaged: 741, abandoned: 1055, captured: 2235",11573,1055,2235,741,15604,2025-01-16,0,0,0,0,0,0,0,0,0,0
Russia,"Losses excluding Recon Drones and Trucks - 15672, of which: destroyed: 11631, damaged: 742, abandoned: 1064, captured: 2235",11631,1064,2235,742,15672,2025-01-19,0,0,0,0,0,0,0,0,0,0
Russia,"Losses excluding Recon Drones and Trucks - 15686, of which: destroyed: 11638, damaged: 750, abandoned: 1062, captured: 2236",11638,1062,2236,750,15686,2025-01-22,0,0,0,0,0,0,0,0,0,0
Russia,"Losses excluding Recon Drones and Trucks - 15724, of which: destroyed: 11675, damaged: 750, abandoned: 1063, captured: 2236",11675,1063,2236,750,15724,2025-01-25,0,0,0,0,0,0,0,0,0,0
Russia,"Losses excluding Recon Drones and Trucks - 15793, of which: destroyed: 11741, damaged: 750, abandoned: 1066, captured: 2236",11741,1066,2236,750,15793,2025-01-31,0,0,0,0,0,0,0,0,0,0
Russia,"Losses excluding Recon Drones and Trucks - 15806, of which: destroyed: 11753, damaged: 752, abandoned: 1065, captured: 2236",11753,1065,2236,752,15806,2025-02-02,0,0,0,0,0,0,0,0,0,0
Russia,"Losses excluding Recon Drones and Trucks - 15812, of which: destroyed: 11759, damaged: 752, abandoned: 1065, captured: 2236",11759,1065,2236,752,15812,2025-02-03,0,0,0,0,0,0,0,0,0,0
Russia,"Losses excluding Recon Drones and Trucks - 15890, of which: destroyed: 11832, damaged: 752, abandoned: 1070, captured: 2236",11832,1070,2236,752,15890,2025-02-11,0,0,0,0,0,0,0,0,0,0
Russia,"Losses excluding Recon Drones and Trucks - 15915, of which: destroyed: 11853, damaged: 755, abandoned: 1071, captured: 2236",11853,1071,2236,755,15915,2025-02-12,0,0,0,0,0,0,0,0,0,0
Russia,"Losses excluding Recon Drones and Trucks - 15928, of which: destroyed: 11868, damaged: 755, abandoned: 1069, captured: 2236",11868,1069,2236,755,15928,2025-02-16,0,0,0,0,0,0,0,0,0,0
Russia,"Losses excluding Recon Drones and Trucks - 15966, of which: destroyed: 11903, damaged: 755, abandoned: 1072, captured: 2236",11903,1072,2236,755,15966,2025-02-18,0,0,0,0,0,0,0,0,0,0
Russia,"Losses excluding Recon Drones and Trucks - 16018, of which: destroyed: 11954, damaged: 755, abandoned: 1073, captured: 2236",11954,1073,2236,755,16018,2025-02-21,0,0,0,0,0,0,0,0,0,0
Russia,"Losses excluding Recon Drones and Trucks - 16068, of which: destroyed: 11995, damaged: 758, abandoned: 1079, captured: 2236",11995,1079,2236,758,16068,2025-02-23,0,0,0,0,0,0,0,0,0,0
Russia,"Losses excluding Recon Drones and Trucks - 16072, of which: destroyed: 11999, damaged: 758, abandoned: 1079, captured: 2236",11999,1079,2236,758,16072,2025-02-24,0,0,0,0,0,0,0,0,0,0
Russia,"Losses excluding Recon Drones and Trucks - 16105, of which: destroyed: 12030, damaged: 758, abandoned: 1081, captured: 2236",12030,1081,2236,758,16105,2025-02-27,0,0,0,0,0,0,0,0,0,0
Russia,"Losses excluding Recon Drones and Trucks - 16126, of which: destroyed: 12051, damaged: 758, abandoned: 1081, captured: 2236",12051,1081,2236,758,16126,2025-03-02,0,0,0,0,0,0,0,0,0,0
Russia,"Losses excluding Recon Drones and Trucks - 16314, of which: destroyed: 12223, damaged: 763, abandoned: 1091, captured: 2237",12223,1091,2237,763,16314,2025-03-20,0,0,0,0,0,0,0,0,0,0
Russia,"Losses excluding Recon Drones and Trucks - 16359, of which: destroyed: 12263, damaged: 770, abandoned: 1089, captured: 2237",12263,1089,2237,770,16359,2025-03-24,0,0,0,0,0,0,0,0,0,0
Russia,"Losses excluding Recon Drones and Trucks - 16391, of which: destroyed: 12292, damaged: 771, abandoned: 1090, captured: 2238",12292,1090,2238,771,16391,2025-03-27,0,0,0,0,0,0,0,0,0,0
Russia,"Losses excluding Recon Drones and Trucks - 16425, of which: destroyed: 12323, damaged: 774, abandoned: 1090, captured: 2238",12323,1090,2238,774,16425,2025-03-31,0,0,0,0,0,0,0,0,0,0
Russia,"Losses excluding Recon Drones and Trucks - 16429, of which: destroyed: 12327, damaged: 774, abandoned: 1090, captured: 2238",12327,1090,2238,774,16429,2025-03-30,0,0,0,0,0,0,0,0,0,0
Russia,"Losses excluding Recon Drones and Trucks - 16477, of which: destroyed: 12366, damaged: 776, abandoned: 1095, captured: 2240",12366,1095,2240,776,16477,2025-04-02,0,0,0,0,0,0,0,0,0,0
Russia,"Losses of Armoured Combat Vehicles [Tanks, AFVs, IFVs, APCs, and MRAPs] - 10219, of which: destroyed: 7442, damaged: 365, abandoned: 884, captured: 1528",7442,884,1528,365,10219,2024-09-30,0,0,0,0,0,0,0,0,0,0
Russia,"Losses of Armoured Combat Vehicles [Tanks, AFVs, IFVs, APCs, and MRAPs] - 10262, of which: destroyed: 7476, damaged: 365, abandoned: 892, captured: 1529",7476,892,1529,365,10262,2024-10-03,0,0,0,0,0,0,0,0,0,0
Russia,"Losses of Armoured Combat Vehicles [Tanks, AFVs, IFVs, APCs, and MRAPs] - 10297, of which: destroyed: 7509, damaged: 366, abandoned: 893, captured: 1529",7509,893,1529,366,10297,2024-10-06,0,0,0,0,0,0,0,0,0,0
Russia,"Losses of Armoured Combat Vehicles [Tanks, AFVs, IFVs, APCs, and MRAPs] - 10345, of which: destroyed: 7555, damaged: 366, abandoned: 895, captured: 1529",7555,895,1529,366,10345,2024-10-09,0,0,0,0,0,0,0,0,0,0
Russia,"Losses of Armoured Combat Vehicles [Tanks, AFVs, IFVs, APCs, and MRAPs] - 10576, of which: destroyed: 7755, damaged: 368, abandoned: 925, captured: 1528",7755,925,1528,368,10576,2024-10-24,0,0,0,0,0,0,0,0,0,0
Russia,"Losses of Armoured Combat Vehicles [Tanks, AFVs, IFVs, APCs, and MRAPs] - 10634, of which: destroyed: 7810, damaged: 368, abandoned: 928, captured: 1528",7810,928,1528,368,10634,2024-10-27,0,0,0,0,0,0,0,0,0,0
Russia,"Losses of Armoured Combat Vehicles [Tanks, AFVs, IFVs, APCs, and MRAPs] - 10682, of which: destroyed: 7858, damaged: 368, abandoned: 927, captured: 1529",7858,927,1529,368,10682,2024-10-30,0,0,0,0,0,0,0,0,0,0
Russia,"Losses of Armoured Combat Vehicles [Tanks, AFVs, IFVs, APCs, and MRAPs] - 10732, of which: destroyed: 7910, damaged: 367, abandoned: 926, captured: 1529",7910,926,1529,367,10732,2024-11-02,0,0,0,0,0,0,0,0,0,0
Russia,"Losses of Armoured Combat Vehicles [Tanks, AFVs, IFVs, APCs, and MRAPs] - 10772, of which: destroyed: 7946, damaged: 367, abandoned: 929, captured: 1530",7946,929,1530,367,10772,2024-11-05,0,0,0,0,0,0,0,0,0,0
Russia,"Losses of Armoured Combat Vehicles [Tanks, AFVs, IFVs, APCs, and MRAPs] - 10834, of which: destroyed: 8006, damaged: 367, abandoned: 931, captured: 1530",8006,931,1530,367,10834,2024-11-11,0,0,0,0,0,0,0,0,0,0
Russia,"Losses of Armoured Combat Vehicles [Tanks, AFVs, IFVs, APCs, and MRAPs] - 10888, of which: destroyed: 8054, damaged: 367, abandoned: 937, captured: 1530",8054,937,1530,367,10888,2024-11-14,0,0,0,0,0,0,0,0,0,0
Russia,"Losses of Armoured Combat Vehicles [Tanks, AFVs, IFVs, APCs, and MRAPs] - 10936, of which: destroyed: 8100, damaged: 367, abandoned: 939, captured: 1530",8100,939,1530,367,10936,2024-11-17,0,0,0,0,0,0,0,0,0,0
Russia,"Losses of Armoured Combat Vehicles [Tanks, AFVs, IFVs, APCs, and MRAPs] - 10978, of which: destroyed: 8139, damaged: 367, abandoned: 942, captured: 1530",8139,942,1530,367,10978,2024-11-20,0,0,0,0,0,0,0,0,0,0
Russia,"Losses of Armoured Combat Vehicles [Tanks, AFVs, IFVs, APCs, and MRAPs] - 10985, of which: destroyed: 8150, damaged: 367, abandoned: 938, captured: 1530",8150,938,1530,367,10985,2024-11-23,0,0,0,0,0,0,0,0,0,0
Russia,"Losses of Armoured Combat Vehicles [Tanks, AFVs, IFVs, APCs, and MRAPs] - 11033, of which: destroyed: 8192, damaged: 366, abandoned: 944, captured: 1531",8192,944,1531,366,11033,2024-11-27,0,0,0,0,0,0,0,0,0,0
Russia,"Losses of Armoured Combat Vehicles [Tanks, AFVs, IFVs, APCs, and MRAPs] - 11076, of which: destroyed: 8226, damaged: 366, abandoned: 952, captured: 1532",8226,952,1532,366,11076,2024-11-30,0,0,0,0,0,0,0,0,0,0
Russia,"Losses of Armoured Combat Vehicles [Tanks, AFVs, IFVs, APCs, and MRAPs] - 11099, of which: destroyed: 8247, damaged: 366, abandoned: 954, captured: 1532",8247,954,1532,366,11099,2024-12-03,0,0,0,0,0,0,0,0,0,0
Russia,"Losses of Armoured Combat Vehicles [Tanks, AFVs, IFVs, APCs, and MRAPs] - 11201, of which: destroyed: 8341, damaged: 366, abandoned: 961, captured: 1533",8341,961,1533,366,11201,2024-12-09,0,0,0,0,0,0,0,0,0,0
Russia,"Losses of Armoured Combat Vehicles [Tanks, AFVs, IFVs, APCs, and MRAPs] - 11225, of which: destroyed: 8365, damaged: 366, abandoned: 962, captured: 1532",8365,962,1532,366,11225,2024-12-12,0,0,0,0,0,0,0,0,0,0
Russia,"Losses of Armoured Combat Vehicles [Tanks, AFVs, IFVs, APCs, and MRAPs] - 11275, of which: destroyed: 8411, damaged: 366, abandoned: 966, captured: 1532",8411,966,1532,366,11275,2024-12-16,0,0,0,0,0,0,0,0,0,0
Russia,"Losses of Armoured Combat Vehicles [Tanks, AFVs, IFVs, APCs, and MRAPs] - 11307, of which: destroyed: 8449, damaged: 367, abandoned: 958, captured: 1533",8449,958,1533,367,11307,2024-12-20,0,0,0,0,0,0,0,0,0,0
Russia,"Losses of Armoured Combat Vehicles [Tanks, AFVs, IFVs, APCs, and MRAPs] - 11349, of which: destroyed: 8488, damaged: 367, abandoned: 961, captured: 1533",8488,961,1533,367,11349,2024-12-23,0,0,0,0,0,0,0,0,0,0
Russia,"Losses of Armoured Combat Vehicles [Tanks, AFVs, IFVs, APCs, and MRAPs] - 11375, of which: destroyed: 8512, damaged: 367, abandoned: 963, captured: 1533",8512,963,1533,367,11375,2024-12-26,0,0,0,0,0,0,0,0,0,0
Russia,"Losses of Armoured Combat Vehicles [Tanks, AFVs, IFVs, APCs, and MRAPs] - 11381, of which: destroyed: 8519, damaged: 366, abandoned: 963, captured: 1533",8519,963,1533,366,11381,2024-12-29,0,0,0,0,0,0,0,0,0,0
Russia,"Losses of Armoured Combat Vehicles [Tanks, AFVs, IFVs, APCs, and MRAPs] - 11395, of which: destroyed: 8532, damaged: 366, abandoned: 962, captured: 1535",8532,962,1535,366,11395,2024-12-31,0,0,0,0,0,0,0,0,0,0
Russia,"Losses of Armoured Combat Vehicles [Tanks, AFVs, IFVs, APCs, and MRAPs] - 11462, of which: destroyed: 8600, damaged: 366, abandoned: 961, captured: 1535",8600,961,1535,366,11462,2025-01-07,0,0,0,0,0,0,0,0,0,0
Russia,"Losses of Armoured Combat Vehicles [Tanks, AFVs, IFVs, APCs, and MRAPs] - 11505, of which: destroyed: 8641, damaged: 366, abandoned: 963, captured: 1535",8641,963,1535,366,11505,2025-01-10,0,0,0,0,0,0,0,0,0,0
Russia,"Losses of Armoured Combat Vehicles [Tanks, AFVs, IFVs, APCs, and MRAPs] - 11516, of which: destroyed: 8651, damaged: 366, abandoned: 964, captured: 1535",8651,964,1535,366,11516,2025-01-13,0,0,0,0,0,0,0,0,0,0
Russia,"Losses of Armoured Combat Vehicles [Tanks, AFVs, IFVs, APCs, and MRAPs] - 11540, of which: destroyed: 8672, damaged: 366, abandoned: 967, captured: 1535",8672,967,1535,366,11540,2025-01-16,0,0,0,0,0,0,0,0,0,0
Russia,"Losses of Armoured Combat Vehicles [Tanks, AFVs, IFVs, APCs, and MRAPs] - 11597, of which: destroyed: 8720, damaged: 367, abandoned: 975, captured: 1535",8720,975,1535,367,11597,2025-01-19,0,0,0,0,0,0,0,0,0,0
Russia,"Losses of Armoured Combat Vehicles [Tanks, AFVs, IFVs, APCs, and MRAPs] - 11599, of which: destroyed: 8723, damaged: 367, abandoned: 973, captured: 1536",8723,973,1536,367,11599,2025-01-22,0,0,0,0,0,0,0,0,0,0
Russia,"Losses of Armoured Combat Vehicles [Tanks, AFVs, IFVs, APCs, and MRAPs] - 11631, of which: destroyed: 8754, damaged: 367, abandoned: 974, captured: 1536",8754,974,1536,367,11631,2025-01-25,0,0,0,0,0,0,0,0,0,0
Russia,"Losses of Armoured Combat Vehicles [Tanks, AFVs, IFVs, APCs, and MRAPs] - 11693, of which: destroyed: 8814, damaged: 367, abandoned: 976, captured: 1536",8814,976,1536,367,11693,2025-01-31,0,0,0,0,0,0,0,0,0,0
Russia,"Losses of Armoured Combat Vehicles [Tanks, AFVs, IFVs, APCs, and MRAPs] - 11704, of which: destroyed: 8825, damaged: 368, abandoned: 975, captured: 1536",8825,975,1536,368,11704,2025-02-02,0,0,0,0,0,0,0,0,0,0
Russia,"Losses of Armoured Combat Vehicles [Tanks, AFVs, IFVs, APCs, and MRAPs] - 11710, of which: destroyed: 8831, damaged: 368, abandoned: 975, captured: 1536",8831,975,1536,368,11710,2025-02-03,0,0,0,0,0,0,0,0,0,0
Russia,"Losses of Armoured Combat Vehicles [Tanks, AFVs, IFVs, APCs, and MRAPs] - 11769, of which: destroyed: 8887, damaged: 368, abandoned: 978, captured: 1536",8887,978,1536,368,11769,2025-02-11,0,0,0,0,0,0,0,0,0,0
Russia,"Losses of Armoured Combat Vehicles [Tanks, AFVs, IFVs, APCs, and MRAPs] - 11786, of which: destroyed: 8903, damaged: 368, abandoned: 979, captured: 1536",8903,979,1536,368,11786,2025-02-12,0,0,0,0,0,0,0,0,0,0
Russia,"Losses of Armoured Combat Vehicles [Tanks, AFVs, IFVs, APCs, and MRAPs] - 11794, of which: destroyed: 8913, damaged: 368, abandoned: 977, captured: 1536",8913,977,1536,368,11794,2025-02-16,0,0,0,0,0,0,0,0,0,0
Russia,"Losses of Armoured Combat Vehicles [Tanks, AFVs, IFVs, APCs, and MRAPs] - 11819, of which: destroyed: 8935, damaged: 368, abandoned: 980, captured: 1536",8935,980,1536,368,11819,2025-02-18,0,0,0,0,0,0,0,0,0,0
Russia,"Losses of Armoured Combat Vehicles [Tanks, AFVs, IFVs, APCs, and MRAPs] - 11864, of which: destroyed: 8980, damaged: 368, abandoned: 981, captured: 1536",8980,981,1536,368,11865,2025-02-21,0,0,0,0,0,0,0,0,0,0
Russia,"Losses of Armoured Combat Vehicles [Tanks, AFVs, IFVs, APCs, and MRAPs] - 11905, of which: destroyed: 9018, damaged: 367, abandoned: 984, captured: 1536",9018,984,1536,367,11905,2025-02-23,0,0,0,0,0,0,0,0,0,0
Russia,"Losses of Armoured Combat Vehicles [Tanks, AFVs, IFVs, APCs, and MRAPs] - 11908, of which: destroyed: 9021, damaged: 367, abandoned: 984, captured: 1536",9021,984,1536,367,11908,2025-02-24,0,0,0,0,0,0,0,0,0,0
Russia,"Losses of Armoured Combat Vehicles [Tanks, AFVs, IFVs, APCs, and MRAPs] - 11937, of which: destroyed: 9048, damaged: 367, abandoned: 986, captured: 1536",9048,986,1536,367,11937,2025-02-27,0,0,0,0,0,0,0,0,0,0
Russia,"Losses of Armoured Combat Vehicles [Tanks, AFVs, IFVs, APCs, and MRAPs] - 11951, of which: destroyed: 9062, damaged: 367, abandoned: 986, captured: 1536",9062,986,1536,367,11951,2025-03-02,0,0,0,0,0,0,0,0,0,0
Russia,"Losses of Armoured Combat Vehicles [Tanks, AFVs, IFVs, APCs, and MRAPs] - 12102, of which: destroyed: 9202, damaged: 368, abandoned: 995, captured: 1537",9202,995,1537,368,12102,2025-03-20,0,0,0,0,0,0,0,0,0,0
Russia,"Losses of Armoured Combat Vehicles [Tanks, AFVs, IFVs, APCs, and MRAPs] - 12134, of which: destroyed: 9235, damaged: 369, abandoned: 993, captured: 1537",9235,993,1537,369,12134,2025-03-24,0,0,0,0,0,0,0,0,0,0
Russia,"Losses of Armoured Combat Vehicles [Tanks, AFVs, IFVs, APCs, and MRAPs] - 12159, of which: destroyed: 9257, damaged: 370, abandoned: 994, captured: 1538",9257,994,1538,370,12159,2025-03-27,0,0,0,0,0,0,0,0,0,0
Russia,"Losses of Armoured Combat Vehicles [Tanks, AFVs, IFVs, APCs, and MRAPs] - 12185, of which: destroyed: 9283, damaged: 370, abandoned: 994, captured: 1538",9283,994,1538,370,12185,2025-03-31,0,0,0,0,0,0,0,0,0,0
Russia,"Losses of Armoured Combat Vehicles [Tanks, AFVs, IFVs, APCs, and MRAPs] - 12188, of which: destroyed: 9286, damaged: 370, abandoned: 994, captured: 1538",9286,994,1538,370,12188,2025-03-30,0,0,0,0,0,0,0,0,0,0
Russia,"Losses of Armoured Combat Vehicles [Tanks, AFVs, IFVs, APCs, and MRAPs] - 12231, of which: destroyed: 9322, damaged: 370, abandoned: 999, captured: 1540",9322,999,1540,370,12231,2025-04-02,0,0,0,0,0,0,0,0,0,0
Russia,Mine-Resistant Ambush Protected,39,1,11,5,56,2024-09-30,0,0,0,0,0,0,0,0,0,0
Russia,Mine-Resistant Ambush Protected,40,1,11,5,57,2025-03-24,1,0,0,0,1,0,0,0,0,0
Russia,Multiple Rocket Launchers,329,2,54,37,422,2024-09-30,0,0,0,0,0,0,0,0,0,0
Russia,Multiple Rocket Launchers,333,2,54,37,426,2024-10-06,4,0,0,0,4,0,0,0,0,0
Russia,Multiple Rocket Launchers,338,2,54,37,431,2024-10-22,5,0,0,0,5,0,0,0,0,0
Russia,Multiple Rocket Launchers,341,2,54,37,434,2024-10-27,3,0,0,0,3,0,0,0,0,0
Russia,Multiple Rocket Launchers,342,2,54,37,435,2024-10-30,1,0,0,0,1,0,0,0,0,0
Russia,Multiple Rocket Launchers,343,2,54,37,436,2024-11-05,1,0,0,0,1,0,0,0,0,0
Russia,Multiple Rocket Launchers,344,2,54,37,437,2024-11-14,1,0,0,0,1,0,0,0,0,0
Russia,Multiple Rocket Launchers,345,2,54,37,438,2024-11-17,1,0,0,0,1,0,0,0,0,0
Russia,Multiple Rocket Launchers,347,2,54,37,440,2024-11-20,2,0,0,0,2,0,0,0,0,0
Russia,Multiple Rocket Launchers,349,2,54,39,444,2024-11-27,2,0,0,2,4,0,0,0,0,0
Russia,Multiple Rocket Launchers,350,2,54,39,445,2024-12-03,1,0,0,0,1,0,0,0,0,0
Russia,Multiple Rocket Launchers,352,2,54,39,447,2024-12-09,2,0,0,0,2,0,0,0,0,0
Russia,Multiple Rocket Launchers,351,2,54,39,446,2024-12-17,-1,0,0,0,-1,0,0,0,0,0
Russia,Multiple Rocket Launchers,351,2,54,40,447,2024-12-26,0,0,0,1,1,0,0,0,0,0
Russia,Multiple Rocket Launchers,352,2,54,40,448,2024-12-29,1,0,0,0,1,0,0,0,0,0
Russia,Multiple Rocket Launchers,353,2,54,40,449,2025-01-07,1,0,0,0,1,0,0,0,0,0
Russia,Multiple Rocket Launchers,354,2,54,40,450,2025-01-13,1,0,0,0,1,0,0,0,0,0
Russia,Multiple Rocket Launchers,355,2,54,40,451,2025-01-16,1,0,0,0,1,0,0,0,0,0
Russia,Multiple Rocket Launchers,356,2,54,40,452,2025-01-25,1,0,0,0,1,0,0,0,0,0
Russia,Multiple Rocket Launchers,357,2,54,40,453,2025-01-31,1,0,0,0,1,0,0,0,0,0
Russia,Multiple Rocket Launchers,359,2,54,40,455,2025-02-11,2,0,0,0,2,0,0,0,0,0
Russia,Multiple Rocket Launchers,360,2,54,40,456,2025-02-12,1,0,0,0,1,0,0,0,0,0
Russia,Multiple Rocket Launchers,366,2,54,40,462,2025-02-18,6,0,0,0,6,0,0,0,0,0
Russia,Multiple Rocket Launchers,369,2,54,40,465,2025-02-21,3,0,0,0,3,0,0,0,0,0
Russia,Multiple Rocket Launchers,371,2,54,40,467,2025-03-02,2,0,0,0,2,0,0,0,0,0
Russia,Multiple Rocket Launchers,375,2,54,41,472,2025-03-20,4,0,0,1,5,0,0,0,0,0
Russia,Multiple Rocket Launchers,379,2,54,42,477,2025-03-24,4,0,0,1,5,0,0,0,0,0
Russia,Multiple Rocket Launchers,380,2,54,43,479,2025-03-30,1,0,0,1,2,0,0,0,0,0
Russia,Multiple Rocket Launchers,381,2,54,43,480,2025-04-07,1,0,0,0,1,0,0,0,0,0
Russia,Naval Ships and Submarines,21,0,0,7,28,2024-09-30,0,0,0,0,0,0,0,0,0,0
Russia,Radars,49,0,10,22,81,2024-09-30,0,0,0,0,0,0,0,0,0,0
Russia,Radars,50,0,10,22,82,2024-10-22,1,0,0,0,1,0,0,0,0,0
Russia,Radars,51,0,10,22,83,2024-10-27,1,0,0,0,1,0,0,0,0,0
Russia,Radars,51,0,10,23,84,2024-11-05,0,0,0,1,1,0,0,0,0,0
Russia,Radars,52,0,10,23,85,2024-11-17,1,0,0,0,1,0,0,0,0,0
Russia,Radars,53,0,10,23,86,2024-11-27,1,0,0,0,1,0,0,0,0,0
Russia,Radars,54,0,10,24,88,2024-12-03,1,0,0,1,2,0,0,0,0,0
Russia,Radars,55,0,10,24,89,2024-12-09,1,0,0,0,1,0,0,0,0,0
Russia,Radars,55,0,10,23,88,2024-12-17,0,0,0,-1,-1,0,0,0,0,0
Russia,Radars,56,0,10,24,90,2025-01-22,1,0,0,1,2,0,0,0,0,0
Russia,Radars,58,0,10,24,92,2025-02-11,2,0,0,0,2,0,0,0,0,0
Russia,Radars,60,0,10,24,94,2025-03-20,2,0,0,0,2,0,0,0,0,0
Russia,Radars,60,0,10,26,96,2025-03-24,0,0,0,2,2,0,0,0,0,0
Russia,Radars,62,0,10,26,98,2025-04-07,2,0,0,0,2,0,0,0,0,0
Russia,Reconnaissance Unmanned Aerial Vehicles,294,1,170,0,465,2024-09-30,0,0,0,0,0,0,0,0,0,0
Russia,Reconnaissance Unmanned Aerial Vehicles,297,1,170,0,468,2024-10-03,3,0,0,0,3,0,0,0,0,0
Russia,Reconnaissance Unmanned Aerial Vehicles,300,1,170,0,471,2024-10-06,3,0,0,0,3,0,0,0,0,0
Russia,Reconnaissance Unmanned Aerial Vehicles,303,1,171,0,475,2024-10-09,3,0,1,0,4,0,0,0,0,0
Russia,Reconnaissance Unmanned Aerial Vehicles,309,1,175,0,485,2024-10-22,6,0,4,0,10,0,0,0,0,0
Russia,Reconnaissance Unmanned Aerial Vehicles,310,1,175,0,486,2024-10-23,1,0,0,0,1,0,0,0,0,0
Russia,Reconnaissance Unmanned Aerial Vehicles,312,1,175,0,488,2024-10-27,2,0,0,0,2,0,0,0,0,0
Russia,Reconnaissance Unmanned Aerial Vehicles,315,1,175,0,491,2024-10-30,3,0,0,0,3,0,0,0,0,0
Russia,Reconnaissance Unmanned Aerial Vehicles,318,1,175,0,494,2024-11-02,3,0,0,0,3,0,0,0,0,0
Russia,Reconnaissance Unmanned Aerial Vehicles,318,1,176,0,495,2024-11-05,0,0,1,0,1,0,0,0,0,0
Russia,Reconnaissance Unmanned Aerial Vehicles,319,1,176,0,496,2024-11-11,1,0,0,0,1,0,0,0,0,0
Russia,Reconnaissance Unmanned Aerial Vehicles,320,1,177,0,498,2024-11-14,1,0,1,0,2,0,0,0,0,0
Russia,Reconnaissance Unmanned Aerial Vehicles,320,1,178,0,499,2024-11-17,0,0,1,0,1,0,0,0,0,0
Russia,Reconnaissance Unmanned Aerial Vehicles,321,1,179,0,501,2024-11-20,1,0,1,0,2,0,0,0,0,0
Russia,Reconnaissance Unmanned Aerial Vehicles,321,1,181,0,503,2024-11-23,0,0,2,0,2,0,0,0,0,0
Russia,Reconnaissance Unmanned Aerial Vehicles,322,1,182,0,505,2024-11-30,1,0,1,0,2,0,0,0,0,0
Russia,Reconnaissance Unmanned Aerial Vehicles,325,1,183,0,509,2024-12-03,3,0,1,0,4,0,0,0,0,0
Russia,Reconnaissance Unmanned Aerial Vehicles,325,1,184,0,510,2024-12-09,0,0,1,0,1,0,0,0,0,0
Russia,Reconnaissance Unmanned Aerial Vehicles,327,1,184,0,512,2024-12-18,2,0,0,0,2,0,0,0,0,0
Russia,Reconnaissance Unmanned Aerial Vehicles,331,1,188,0,520,2024-12-23,4,0,4,0,8,0,0,0,0,0
Russia,Reconnaissance Unmanned Aerial Vehicles,335,1,190,0,526,2024-12-26,4,0,2,0,6,0,0,0,0,0
Russia,Reconnaissance Unmanned Aerial Vehicles,335,1,191,0,527,2024-12-29,0,0,1,0,1,0,0,0,0,0
Russia,Reconnaissance Unmanned Aerial Vehicles,337,1,193,0,531,2025-01-07,2,0,2,0,4,0,0,0,0,0
Russia,Reconnaissance Unmanned Aerial Vehicles,339,1,193,0,533,2025-01-13,2,0,0,0,2,0,0,0,0,0
Russia,Reconnaissance Unmanned Aerial Vehicles,339,1,194,0,534,2025-01-19,0,0,1,0,1,0,0,0,0,0
Russia,Reconnaissance Unmanned Aerial Vehicles,340,1,196,0,537,2025-01-22,1,0,2,0,3,0,0,0,0,0
Russia,Reconnaissance Unmanned Aerial Vehicles,342,1,196,0,539,2025-01-25,2,0,0,0,2,0,0,0,0,0
Russia,Reconnaissance Unmanned Aerial Vehicles,343,1,196,0,540,2025-02-02,1,0,0,0,1,0,0,0,0,0
Russia,Reconnaissance Unmanned Aerial Vehicles,348,1,196,0,545,2025-02-11,5,0,0,0,5,0,0,0,0,0
Russia,Reconnaissance Unmanned Aerial Vehicles,348,1,197,0,546,2025-02-12,0,0,1,0,1,0,0,0,0,0
Russia,Reconnaissance Unmanned Aerial Vehicles,373,1,201,0,575,2025-03-21,25,0,4,0,29,0,0,0,0,0
Russia,Reconnaissance Unmanned Aerial Vehicles,374,1,202,0,577,2025-03-24,1,0,1,0,2,0,0,0,0,0
Russia,Reconnaissance Unmanned Aerial Vehicles,375,1,203,0,579,2025-03-27,1,0,1,0,2,0,0,0,0,0
Russia,Reconnaissance Unmanned Aerial Vehicles,378,1,204,0,583,2025-03-30,3,0,1,0,4,0,0,0,0,0
Russia,Reconnaissance Unmanned Aerial Vehicles,377,1,204,0,582,2025-03-31,-1,0,0,0,-1,0,0,0,0,0
Russia,Reconnaissance Unmanned Aerial Vehicles,386,1,215,0,602,2025-04-07,9,0,11,0,20,0,0,0,0,0
Russia,Self-Propelled Anti-Aircraft Guns,16,2,7,2,27,2025-03-21,0,0,0,0,0,0,0,0,0,0
Russia,Self-Propelled Anti-Tank Missile Systems,21,4,20,1,46,2025-03-21,0,0,0,0,0,0,0,0,0,0
Russia,Self-Propelled Artillery,734,7,109,48,898,2025-03-21,0,0,0,0,0,0,0,0,0,0
Russia,Self-Propelled Artillery,735,7,109,48,899,2025-03-24,1,0,0,0,1,0,0,0,0,0
Russia,Self-Propelled Artillery,736,7,109,48,900,2025-03-27,1,0,0,0,1,0,0,0,0,0
Russia,Self-Propelled Artillery,737,7,109,48,901,2025-03-30,1,0,0,0,1,0,0,0,0,0
Russia,Self-Propelled Artillery,739,7,109,49,904,2025-04-02,2,0,0,1,3,0,0,0,0,0
Russia,Self-Propelled Artillery,742,7,109,49,907,2025-04-07,3,0,0,0,3,0,0,0,0,0
Russia,Surface-To-Air Missile Systems,227,4,24,53,308,2025-03-21,0,0,0,0,0,0,0,0,0,0
Russia,Surface-To-Air Missile Systems,228,4,24,54,310,2025-03-24,1,0,0,1,2,0,0,0,0,0
Russia,Surface-To-Air Missile Systems,229,4,24,54,311,2025-04-07,1,0,0,0,1,0,0,0,0,0
Russia,Tanks,2737,384,533,158,3812,2025-03-21,0,0,0,0,0,0,0,0,0,0
Russia,Tanks,2746,384,533,158,3821,2025-03-24,9,0,0,0,9,0,0,0,0,0
Russia,Tanks,2753,384,533,159,3829,2025-03-27,7,0,0,1,8,0,0,0,0,0
Russia,Tanks,2761,384,533,159,3837,2025-03-30,8,0,0,0,8,0,0,0,0,0
Russia,Tanks,2760,384,533,158,3835,2025-03-31,-1,0,0,-1,-2,0,0,0,0,0
Russia,Tanks,2771,385,533,158,3847,2025-04-02,11,1,0,0,12,0,0,0,0,0
Russia,Tanks,2793,387,533,158,3871,2025-04-07,22,2,0,0,24,0,0,0,0,0
Russia,Towed Artillery,264,5,98,91,458,2025-03-21,0,0,0,0,0,0,0,0,0,0
Russia,Towed Artillery,266,5,98,91,460,2025-03-27,2,0,0,0,2,0,0,0,0,0
Russia,Towed Artillery,268,5,98,91,462,2025-04-07,2,0,0,0,2,0,0,0,0,0
Russia,"Trucks, Vehicles, and Jeeps",3179,52,582,103,3916,2025-03-21,0,0,0,0,0,0,0,0,0,0
Russia,"Trucks, Vehicles, and Jeeps",3183,52,582,103,3920,2025-03-24,4,0,0,0,4,0,0,0,0,0
Russia,"Trucks, Vehicles, and Jeeps",3193,52,582,103,3930,2025-03-27,10,0,0,0,10,0,0,0,0,0
Russia,"Trucks, Vehicles, and Jeeps",3194,52,582,103,3931,2025-03-30,1,0,0,0,1,0,0,0,0,0
Russia,"Trucks, Vehicles, and Jeeps",3184,52,582,103,3921,2025-03-31,-10,0,0,0,-10,0,0,0,0,0
Russia,"Trucks, Vehicles, and Jeeps",3186,52,582,103,3923,2025-04-02,2,0,0,0,2,0,0,0,0,0
Russia,"Trucks, Vehicles, and Jeeps",3171,52,582,102,3907,2025-04-07,-15,0,0,-1,-16,0,0,0,0,0
Russia,Unmanned Combat Aerial Vehicles,14,0,3,1,18,2025-03-21,0,0,0,0,0,0,0,0,0,0
Russia,Unmanned Ground Vehicles,5,0,0,0,5,2025-03-21,0,0,0,0,0,0,0,0,0,0
Ukraine,Aircraft,100,0,1,4,105,2025-03-21,0,0,0,0,0,0,0,0,0,0
Ukraine,All Types,5937,459,1246,559,8201,2025-03-21,0,0,0,0,0,0,0,0,0,0
Ukraine,All Types,5994,460,1256,560,8270,2025-03-24,57,1,10,1,69,0,0,0,0,0
Ukraine,All Types,6034,467,1258,562,8321,2025-03-27,40,7,2,2,51,0,0,0,0,0
Ukraine,All Types,6049,467,1259,562,8337,2025-03-30,15,0,1,0,16,0,0,0,0,0
Ukraine,All Types,6107,473,1260,562,8402,2025-04-02,58,6,1,0,65,0,0,0,0,0
Ukraine,All Types,6106,473,1260,562,8401,2025-04-06,-1,0,0,0,-1,0,0,0,0,0
Ukraine,Anti-Aircraft Guns,0,0,4,0,4,2025-03-21,0,0,0,0,0,0,0,0,0,0
Ukraine,Anti-Aircraft Guns,0,0,7,0,7,2025-04-07,0,0,3,0,3,0,0,0,0,0
Ukraine,Armoured Fighting Vehicles,328,11,86,16,441,2025-03-21,0,0,0,0,0,0,0,0,0,0
Ukraine,Armoured Fighting Vehicles,330,11,86,16,443,2025-03-24,2,0,0,0,2,0,0,0,0,0
Ukraine,Armoured Fighting Vehicles,331,11,86,16,444,2025-03-27,1,0,0,0,1,0,0,0,0,0
Ukraine,Armoured Fighting Vehicles,333,11,86,16,446,2025-04-02,2,0,0,0,2,0,0,0,0,0
Ukraine,Armoured Fighting Vehicles,336,11,86,16,449,2025-04-07,3,0,0,0,3,0,0,0,0,0
Ukraine,Armoured Personnel Carriers,575,99,139,36,849,2025-03-21,0,0,0,0,0,0,0,0,0,0
Ukraine,Armoured Personnel Carriers,584,98,141,37,860,2025-03-24,9,-1,2,1,11,0,0,0,0,0
Ukraine,Armoured Personnel Carriers,589,99,141,37,866,2025-03-27,5,1,0,0,6,0,0,0,0,0
Ukraine,Armoured Personnel Carriers,593,99,141,37,870,2025-03-30,4,0,0,0,4,0,0,0,0,0
Ukraine,Armoured Personnel Carriers,607,101,141,37,886,2025-04-02,14,2,0,0,16,0,0,0,0,0
Ukraine,Armoured Personnel Carriers,615,103,142,37,897,2025-04-07,8,2,1,0,11,0,0,0,0,0
Ukraine,Artillery Support Vehicles And Equipment,16,0,13,0,29,2025-03-21,0,0,0,0,0,0,0,0,0,0
Ukraine,Command Posts And Communications Stations,27,8,7,0,42,2025-03-21,0,0,0,0,0,0,0,0,0,0
Ukraine,Engineering Vehicles And Equipment,145,15,33,24,217,2025-03-21,0,0,0,0,0,0,0,0,0,0
Ukraine,Engineering Vehicles And Equipment,146,17,33,24,220,2025-03-24,1,2,0,0,3,0,0,0,0,0
Ukraine,Engineering Vehicles And Equipment,147,18,33,24,222,2025-03-27,1,1,0,0,2,0,0,0,0,0
Ukraine,Engineering Vehicles And Equipment,149,18,33,24,224,2025-03-30,2,0,0,0,2,0,0,0,0,0
Ukraine,Engineering Vehicles And Equipment,153,18,33,24,228,2025-04-02,4,0,0,0,4,0,0,0,0,0
Ukraine,Engineering Vehicles And Equipment,154,22,33,24,233,2025-04-07,1,4,0,0,5,0,0,0,0,0
Ukraine,Helicopters,47,0,3,3,53,2025-03-21,0,0,0,0,0,0,0,0,0,0
Ukraine,Helicopters,45,0,3,3,51,2025-03-24,-2,0,0,0,-2,0,0,0,0,0
Ukraine,Infantry Fighting Vehicles,932,118,149,62,1261,2025-03-21,0,0,0,0,0,0,0,0,0,0
Ukraine,Infantry Fighting Vehicles,942,118,150,62,1272,2025-03-24,10,0,1,0,11,0,0,0,0,0
Ukraine,Infantry Fighting Vehicles,947,119,150,62,1278,2025-03-27,5,1,0,0,6,0,0,0,0,0
Ukraine,Infantry Fighting Vehicles,946,119,150,62,1277,2025-03-30,-1,0,0,0,-1,0,0,0,0,0
Ukraine,Infantry Fighting Vehicles,951,122,150,62,1285,2025-04-02,5,3,0,0,8,0,0,0,0,0
Ukraine,Infantry Fighting Vehicles,964,122,150,62,1298,2025-04-07,13,0,0,0,13,0,0,0,0,0
Ukraine,Infantry Mobility Vehicles,555,52,148,44,799,2025-03-21,0,0,0,0,0,0,0,0,0,0
Ukraine,Infantry Mobility Vehicles,573,52,152,44,821,2025-03-24,18,0,4,0,22,0,0,0,0,0
Ukraine,Infantry Mobility Vehicles,581,54,153,44,832,2025-03-27,8,2,1,0,11,0,0,0,0,0
Ukraine,Infantry Mobility Vehicles,586,54,153,44,837,2025-03-30,5,0,0,0,5,0,0,0,0,0
Ukraine,Infantry Mobility Vehicles,593,55,153,44,845,2025-04-02,7,1,0,0,8,0,0,0,0,0
Ukraine,Infantry Mobility Vehicles,601,55,156,44,856,2025-04-07,8,0,3,0,11,0,0,0,0,0
Ukraine,Jammers And Deception Systems,5,0,1,2,8,2025-03-21,0,0,0,0,0,0,0,0,0,0
Ukraine,"Losses excluding Recon Drones and Trucks - 6637, of which: destroyed: 4787, damaged: 526, abandoned: 442, captured: 882",4787,442,882,526,6637,2025-03-21,0,0,0,0,0,0,0,0,0,0
Ukraine,"Losses excluding Recon Drones and Trucks - 6705, of which: destroyed: 4842, damaged: 527, abandoned: 444, captured: 892",4842,444,892,527,6705,2025-03-24,0,0,0,0,0,0,0,0,0,0
Ukraine,"Losses excluding Recon Drones and Trucks - 6750, of which: destroyed: 4877, damaged: 529, abandoned: 451, captured: 893",4877,451,893,529,6750,2025-03-27,0,0,0,0,0,0,0,0,0,0
Ukraine,"Losses excluding Recon Drones and Trucks - 6764, of which: destroyed: 4891, damaged: 529, abandoned: 451, captured: 893",4891,451,893,529,6764,2025-03-30,0,0,0,0,0,0,0,0,0,0
Ukraine,"Losses excluding Recon Drones and Trucks - 6823, of which: destroyed: 4944, damaged: 529, abandoned: 457, captured: 893",4944,457,893,529,6823,2025-04-02,0,0,0,0,0,0,0,0,0,0
Ukraine,"Losses of Armoured Combat Vehicles [Tanks, AFVs, IFVs, APCs, and MRAPs] - 4139, of which: destroyed: 2986, damaged: 231, abandoned: 360, captured: 562",2986,360,562,231,4139,2025-03-21,0,0,0,0,0,0,0,0,0,0
Ukraine,"Losses of Armoured Combat Vehicles [Tanks, AFVs, IFVs, APCs, and MRAPs] - 4177, of which: destroyed: 3017, damaged: 232, abandoned: 360, captured: 568",3017,360,568,232,4177,2025-03-24,0,0,0,0,0,0,0,0,0,0
Ukraine,"Losses of Armoured Combat Vehicles [Tanks, AFVs, IFVs, APCs, and MRAPs] - 4202, of which: destroyed: 3038, damaged: 232, abandoned: 364, captured: 568",3038,364,568,232,4202,2025-03-27,0,0,0,0,0,0,0,0,0,0
Ukraine,"Losses of Armoured Combat Vehicles [Tanks, AFVs, IFVs, APCs, and MRAPs] - 4209, of which: destroyed: 3045, damaged: 232, abandoned: 364, captured: 568",3045,364,568,232,4209,2025-03-30,0,0,0,0,0,0,0,0,0,0
Ukraine,"Losses of Armoured Combat Vehicles [Tanks, AFVs, IFVs, APCs, and MRAPs] - 4252, of which: destroyed: 3083, damaged: 232, abandoned: 369, captured: 568",3083,369,568,232,4252,2025-04-02,0,0,0,0,0,0,0,0,0,0
Ukraine,Mine-Resistant Ambush Protected,351,40,48,38,477,2025-03-21,0,0,0,0,0,0,0,0,0,0
Ukraine,Mine-Resistant Ambush Protected,359,41,51,38,489,2025-03-24,8,1,3,0,12,0,0,0,0,0
Ukraine,Mine-Resistant Ambush Protected,365,42,51,38,496,2025-03-27,6,1,0,0,7,0,0,0,0,0
Ukraine,Mine-Resistant Ambush Protected,368,42,51,38,499,2025-03-30,3,0,0,0,3,0,0,0,0,0
Ukraine,Mine-Resistant Ambush Protected,380,42,51,38,511,2025-04-02,12,0,0,0,12,0,0,0,0,0
Ukraine,Mine-Resistant Ambush Protected,386,42,51,38,517,2025-04-07,6,0,0,0,6,0,0,0,0,0
Ukraine,Multiple Rocket Launchers,56,0,9,17,82,2025-03-21,0,0,0,0,0,0,0,0,0,0
Ukraine,Multiple Rocket Launchers,56,0,9,18,83,2025-03-27,0,0,0,1,1,0,0,0,0,0
Ukraine,Naval Ships,14,0,19,8,41,2025-03-21,0,0,0,0,0,0,0,0,0,0
Ukraine,Radars And Communications Equipment,100,1,14,21,136,2025-03-21,0,0,0,0,0,0,0,0,0,0
Ukraine,Reconnaissance Unmanned Aerial Vehicles,307,0,168,1,476,2025-03-21,0,0,0,0,0,0,0,0,0,0
Ukraine,Reconnaissance Unmanned Aerial Vehicles,308,0,168,1,477,2025-03-24,1,0,0,0,1,0,0,0,0,0
Ukraine,Reconnaissance Unmanned Aerial Vehicles,310,0,168,1,479,2025-03-27,2,0,0,0,2,0,0,0,0,0
Ukraine,Reconnaissance Unmanned Aerial Vehicles,310,0,169,1,480,2025-03-30,0,0,1,0,1,0,0,0,0,0
Ukraine,Reconnaissance Unmanned Aerial Vehicles,310,0,170,1,481,2025-04-07,0,0,1,0,1,0,0,0,0,0
Ukraine,Self-Propelled Anti-Aircraft Guns,26,1,4,5,36,2025-03-21,0,0,0,0,0,0,0,0,0,0
Ukraine,Self-Propelled Anti-Aircraft Guns,27,1,4,5,37,2025-03-24,1,0,0,0,1,0,0,0,0,0
Ukraine,Self-Propelled Anti-Aircraft Guns,28,1,4,5,38,2025-04-02,1,0,0,0,1,0,0,0,0,0
Ukraine,Self-Propelled Anti-Tank Missile Systems,7,1,10,0,18,2025-03-21,0,0,0,0,0,0,0,0,0,0
Ukraine,Self-Propelled Artillery,394,0,25,73,492,2025-03-21,0,0,0,0,0,0,0,0,0,0
Ukraine,Self-Propelled Artillery,400,0,25,73,498,2025-03-24,6,0,0,0,6,0,0,0,0,0
Ukraine,Self-Propelled Artillery,404,0,25,73,502,2025-03-27,4,0,0,0,4,0,0,0,0,0
Ukraine,Self-Propelled Artillery,407,0,25,73,505,2025-04-02,3,0,0,0,3,0,0,0,0,0
Ukraine,Self-Propelled Artillery,414,0,25,73,512,2025-04-07,7,0,0,0,7,0,0,0,0,0
Ukraine,"Surface-To-Air Missile Systems
",143,1,6,19,169,2025-03-21,0,0,0,0,0,0,0,0,0,0
Ukraine,"Surface-To-Air Missile Systems
",144,1,6,19,170,2025-03-27,1,0,0,0,1,0,0,0,0,0
Ukraine,Tanks,800,92,140,79,1111,2025-03-21,0,0,0,0,0,0,0,0,0,0
Ukraine,Tanks,802,92,140,79,1113,2025-03-24,2,0,0,0,2,0,0,0,0,0
Ukraine,Tanks,806,93,140,79,1118,2025-03-27,4,1,0,0,5,0,0,0,0,0
Ukraine,Tanks,812,93,140,79,1124,2025-04-02,6,0,0,0,6,0,0,0,0,0
Ukraine,Tanks,820,94,140,79,1133,2025-04-07,8,1,0,0,9,0,0,0,0,0
Ukraine,Towed Artillery,137,3,22,75,237,2025-03-21,0,0,0,0,0,0,0,0,0,0
Ukraine,Towed Artillery,137,3,22,76,238,2025-03-27,0,0,0,1,1,0,0,0,0,0
Ukraine,"Trucks, Vehicles, and Jeeps",843,17,196,32,1088,2025-03-21,0,0,0,0,0,0,0,0,0,0
Ukraine,"Trucks, Vehicles, and Jeeps",844,16,196,32,1088,2025-03-24,1,-1,0,0,0,0,0,0,0,0
Ukraine,"Trucks, Vehicles, and Jeeps",847,16,197,32,1092,2025-03-27,3,0,1,0,4,0,0,0,0,0
Ukraine,"Trucks, Vehicles, and Jeeps",848,16,197,32,1093,2025-03-30,1,0,0,0,1,0,0,0,0,0
Ukraine,"Trucks, Vehicles, and Jeeps",853,16,198,32,1099,2025-04-02,5,0,1,0,6,0,0,0,0,0
Ukraine,"Trucks, Vehicles, and Jeeps",852,16,198,32,1098,2025-04-06,-1,0,0,0,-1,0,0,0,0,0
Ukraine,Unmanned Combat Aerial Vehicles,28,0,1,0,29,2025-03-21,0,0,0,0,0,0,0,0,0,0
Ukraine,Unmanned Ground Vehicles,1,0,0,0,1,2025-03-21,0,0,0,0,0,0,0,0,0,0
