country,origin,system,status,url,date_recorded,sysID,imageID,statusID,matID
Russia,Soviet Union,120mm 2B16 Nona-K howitzer,abandoned,https://i.postimg.cc/sfM2Rn9R/f13.png,2022-03-19,5,20,3,7-5203
Russia,Soviet Union,120mm 2B16 Nona-K howitzer,abandoned,https://i.postimg.cc/5jcQqnzn/hhj.jpg,2022-03-19,5,21,3,7-5213
Russia,Soviet Union,120mm 2S9 Nona,abandoned,https://i.postimg.cc/KcgFMz7v/543.png,2022-03-19,8,26,3,7-8263
Russia,Soviet Union,122mm 2S1 Gvozdika,abandoned,https://i.postimg.cc/qBYJLRq1/63.png,2022-03-19,10,36,3,7-10363
Russia,Soviet Union,122mm BM-21 'Grad',abandoned,https://i.postimg.cc/1t68G6Ls/Screenshot-8400.png,2022-03-19,11,47,3,7-11473
Russia,Soviet Union,122mm BM-21 'Grad',abandoned,https://i.postimg.cc/T3WhvbLL/v54.png,2022-03-19,11,48,3,7-11483
Russia,Soviet Union,122mm BM-21 'Grad',abandoned,https://i.postimg.cc/3xDpBMBL/r44.png,2022-03-19,11,49,3,7-11493
Russia,Soviet Union,122mm BM-21 'Grad',abandoned,https://i.postimg.cc/7Zxh5pRG/r45.png,2022-03-19,11,50,3,7-11503
Russia,Soviet Union,122mm BM-21 'Grad',abandoned,https://i.postimg.cc/0QS7sKvJ/490.png,2022-03-19,11,51,3,7-11513
Russia,Soviet Union,122mm BM-21 'Grad',abandoned,https://i.postimg.cc/nr1Wrst0/439.png,2022-03-26,11,62,3,7-11623
Russia,Soviet Union,122mm D-30 howitzer 2A18,abandoned,https://i.postimg.cc/zXqyhypY/Screenshot-8404.png,2022-03-19,12,66,3,7-12663
Russia,Soviet Union,122mm D-30 howitzer 2A18,abandoned,https://i.postimg.cc/DwP0wn1y/Screenshot-8485.png,2022-03-19,12,67,3,7-12673
Russia,Soviet Union,122mm D-30 howitzer 2A18,abandoned,https://i.postimg.cc/Fs5rrPFD/g66.png,2022-03-19,12,68,3,7-12683
Russia,Soviet Union,152mm 2A65 Msta-B howitzer,abandoned,https://i.postimg.cc/13CTS2R9/431f.png,2022-03-19,13,78,3,7-13783
Russia,Soviet Union,152mm 2S19 Msta-S,abandoned,https://i.postimg.cc/Nf5WZ40V/32da.png,2022-03-19,14,86,3,7-14863
Russia,Soviet Union,152mm 2S19 Msta-S,abandoned,https://i.postimg.cc/VkNQR04y/2r.jpg,2022-03-19,14,88,3,7-14883
Russia,Soviet Union,152mm 2S19 Msta-S,abandoned,https://i.postimg.cc/Y08W5pnP/557723.png,2022-03-19,14,89,3,7-14893
Russia,Soviet Union,152mm 2S19 Msta-S,abandoned,https://i.postimg.cc/SKkpzp7Z/aa2.jpg,2022-03-19,14,90,3,7-14903
Russia,Soviet Union,152mm 2S19 Msta-S,abandoned,https://i.postimg.cc/LsDFt0xm/aa3.jpg,2022-03-19,14,91,3,7-14913
Russia,Soviet Union,152mm 2S19 Msta-S,abandoned,https://i.postimg.cc/3NSNyzNR/ff3.jpg,2022-03-19,14,92,3,7-14923
Russia,Soviet Union,152mm 2S19 Msta-S,abandoned,https://i.postimg.cc/YqhYV3pF/764.png,2022-03-19,14,93,3,7-14933
Russia,Soviet Union,152mm 2S19 Msta-S,abandoned,https://i.postimg.cc/VvcXHJpv/d27.png,2022-03-19,14,94,3,7-14943
Russia,Soviet Union,152mm 2S19 Msta-S,abandoned,https://i.postimg.cc/NFFhC8rz/3350.jpg,2022-03-19,14,95,3,7-14953
Russia,Soviet Union,152mm 2S19 Msta-S,abandoned,https://i.postimg.cc/TwVtf4qx/5490.png,2022-03-19,14,101,3,7-141013
Russia,Soviet Union,152mm 2S3 Akatsiya,abandoned,https://i.postimg.cc/85D97Vs5/3v.png,2022-03-19,15,110,3,7-151103
Russia,Soviet Union,152mm 2S3 Akatsiya,abandoned,https://i.postimg.cc/zD2FmSBx/j76.png,2022-03-19,15,111,3,7-151113
Russia,Soviet Union,152mm 2S3 Akatsiya,abandoned,https://i.postimg.cc/Y9BBtK7d/470.png,2022-03-19,15,112,3,7-151123
Russia,Soviet Union,152mm 2S3 Akatsiya,abandoned,https://i.postimg.cc/wxDRxYgf/3316.png,2022-03-26,15,118,3,7-151183
Russia,Soviet Union,152mm 2S3 Akatsiya,abandoned,https://i.postimg.cc/qBbfFfc5/r5.jpg,2022-03-26,15,119,3,7-151193
Russia,Soviet Union,152mm 2S3 Akatsiya,abandoned,https://i.postimg.cc/VvH30ML8/r6.jpg,2022-03-26,15,120,3,7-151203
Russia,Soviet Union,1V13 battery fire control center,abandoned,https://i.postimg.cc/CxMBs7WF/436.png,2022-03-19,20,135,3,7-201353
Russia,Soviet Union,1V13 battery fire control center,abandoned,https://i.postimg.cc/gc14s4Fb/a2.png,2022-03-26,20,138,3,7-201383
Russia,Soviet Union,1V13 battery fire control center,abandoned,https://i.postimg.cc/sgntV80G/44fss.png,2022-03-26,20,139,3,7-201393
Russia,Soviet Union,1V14 battery command and forward observer vehicle,abandoned,https://i.postimg.cc/63JZBWDQ/b76.png,2022-03-26,21,141,3,7-211413
Russia,Russia,220mm TOS-1A,abandoned,https://i.postimg.cc/FHk1HzFy/r1.jpg,2022-03-26,23,147,3,7-231473
Russia,Russia,2K22M1 Tunguska,abandoned,https://i.postimg.cc/BZ7r1kkf/3d2.png,2022-03-19,25,151,3,7-251513
Russia,Russia,2K22M1 Tunguska,abandoned,https://i.postimg.cc/htLpLCsr/gw.png,2022-03-19,25,152,3,7-251523
Russia,Russia,2K22M1 Tunguska,abandoned,https://i.postimg.cc/9MqLyHJZ/764.png,2022-03-19,25,153,3,7-251533
Russia,Russia,2K22M1 Tunguska,abandoned,https://i.postimg.cc/Qt3jK6LJ/66577.png,2022-03-19,25,154,3,7-251543
Russia,Russia,2K22M1 Tunguska,abandoned,https://i.postimg.cc/6pD3WrQj/gy67.png,2022-03-19,25,155,3,7-251553
Russia,Soviet Union,9A330 Tor TLAR (for 9K330 Tor-M),abandoned,https://i.postimg.cc/8PS5zQYB/4310.png,2022-03-19,32,169,3,7-321693
Russia,Soviet Union,9A330 Tor TLAR (for 9K330 Tor-M),abandoned,https://i.postimg.cc/mgHPxQR3/5k.png,2022-03-19,32,170,3,7-321703
Russia,Russia,9A331 TLAR (for 9K331 Tor-M1),abandoned,https://i.postimg.cc/6pfMfZYj/f430.jpg,2022-03-19,33,174,3,7-331743
Russia,Soviet Union,9K33 Osa,abandoned,https://i.postimg.cc/PxkdsRX3/438.png,2022-03-19,37,185,3,7-371853
Russia,Soviet Union,9K33 Osa,abandoned,https://i.postimg.cc/3RKjWRVn/6657.png,2022-03-19,37,186,3,7-371863
Russia,Soviet Union,9K35 Strela-10,abandoned,https://i.postimg.cc/rmQmjFmn/542.png,2022-03-19,39,190,3,7-391903
Russia,Soviet Union,9K35 Strela-10,abandoned,https://i.postimg.cc/FKXqgKZj/n8.jpg,2022-03-19,39,191,3,7-391913
Russia,Soviet Union,9K35 Strela-10,abandoned,https://i.postimg.cc/gcVRwKgk/v56.png,2022-03-19,39,192,3,7-391923
Russia,Soviet Union,9M114 Kokon,abandoned,https://i.postimg.cc/Qdw6LXPV/98u.png,2022-03-19,44,217,3,7-442173
Russia,Soviet Union,9M114 Kokon,abandoned,https://i.postimg.cc/8PNsyDd1/3f.jpg,2022-03-19,44,218,3,7-442183
Russia,Soviet Union,9P149 Shturm-S ATGM carrier,abandoned,https://i.postimg.cc/Qdw6LXPV/98u.png,2022-03-19,45,217,3,7-452173
Russia,Soviet Union,9P149 Shturm-S ATGM carrier,abandoned,https://i.postimg.cc/8PNsyDd1/3f.jpg,2022-03-19,45,218,3,7-452183
Russia,Russia,Barnaul-T 9ะก932-1 automated system for air defence units,abandoned,https://i.postimg.cc/fTrQXZpK/g2.jpg,2022-03-19,52,231,3,7-522313
Russia,Soviet Union,BMD-2,abandoned,https://i.postimg.cc/hvdB25Hw/j2.jpg,2022-03-19,55,255,3,7-552553
Russia,Soviet Union,BMD-2,abandoned,https://i.postimg.cc/xjLsrGfV/79.png,2022-03-19,55,256,3,7-552563
Russia,Soviet Union,BMD-2,abandoned,https://i.postimg.cc/W4N1CS83/v1.png,2022-03-19,55,204,3,7-552043
Russia,Soviet Union,BMD-2,abandoned,https://i.postimg.cc/R0G3QWB8/g6.jpg,2022-03-19,55,257,3,7-552573
Russia,Soviet Union,BMD-2,abandoned,https://i.postimg.cc/yxkdsj2X/8879.jpg,2022-03-19,55,258,3,7-552583
Russia,Soviet Union,BMD-2,abandoned,https://i.postimg.cc/5NVXwfjS/350.png,2022-03-19,55,259,3,7-552593
Russia,Soviet Union,BMD-2,abandoned,https://i.postimg.cc/q7ynHGm8/r6.png,2022-03-19,55,260,3,7-552603
Russia,Russia,BMD-4M,abandoned,https://i.postimg.cc/MZy05BrN/674.png,2022-03-19,56,290,3,7-562903
Russia,Soviet Union,BMK-130M/BMK-150 towing and motor boat,abandoned,https://i.postimg.cc/2yFgdmxY/57j.png,2022-03-26,57,301,3,7-573013
Russia,Soviet Union,BMP-1Khs,abandoned,https://i.postimg.cc/6qdwks4D/n7.jpg,2022-03-19,59,323,3,7-593233
Russia,Soviet Union,BMP-2,abandoned,https://i.postimg.cc/vBy9TRg0/77699.png,2022-03-19,60,367,3,7-603673
Russia,Soviet Union,BMP-2,abandoned,https://i.postimg.cc/XYyYKfsy/Screenshot-8236.png,2022-03-19,60,368,3,7-603683
Russia,Soviet Union,BMP-2,abandoned,https://i.postimg.cc/2jX5hmCS/u1.jpg,2022-03-19,60,369,3,7-603693
Russia,Soviet Union,BMP-2,abandoned,https://i.postimg.cc/5NY2mGtq/u2.jpg,2022-03-19,60,370,3,7-603703
Russia,Soviet Union,BMP-2,abandoned,https://i.postimg.cc/BQzv1YB0/Screenshot-8238.png,2022-03-19,60,371,3,7-603713
Russia,Soviet Union,BMP-2,abandoned,https://i.postimg.cc/tJM8dQNL/h77.png,2022-03-19,60,372,3,7-603723
Russia,Soviet Union,BMP-2,abandoned,https://i.postimg.cc/zBg2tRx0/436.png,2022-03-19,60,373,3,7-603733
Russia,Soviet Union,BMP-2,abandoned,https://i.postimg.cc/MGgQyPNn/ff22.png,2022-03-19,60,374,3,7-603743
Russia,Soviet Union,BMP-2,abandoned,https://i.postimg.cc/DwqTZzsJ/aa5.jpg,2022-03-19,60,375,3,7-603753
Russia,Soviet Union,BMP-2,abandoned,https://i.postimg.cc/15MCpgJd/3r5.png,2022-03-19,60,376,3,7-603763
Russia,Soviet Union,BMP-2,abandoned,https://i.postimg.cc/qR49PRwf/5540.jpg,2022-03-19,60,377,3,7-603773
Russia,Soviet Union,BMP-2,abandoned,https://i.postimg.cc/RZVFPVYR/465.png,2022-03-19,60,378,3,7-603783
Russia,Soviet Union,BMP-2,abandoned,https://i.postimg.cc/rF84w7J1/fsl.png,2022-03-19,60,380,3,7-603803
Russia,Soviet Union,BMP-2K,abandoned,https://i.postimg.cc/jSVTtfWY/aa4.jpg,2022-03-19,61,427,3,7-614273
Russia,Russia,BMP-3,abandoned,https://i.postimg.cc/B66JMmRq/g55.jpg,2022-03-19,62,445,3,7-624453
Russia,Soviet Union,BTR-80,abandoned,https://i.postimg.cc/gcn1yNwd/h6.png,2022-03-19,68,497,3,7-684973
Russia,Soviet Union,BTR-80,abandoned,https://i.postimg.cc/hGQ71FqT/h7.png,2022-03-19,68,498,3,7-684983
Russia,Soviet Union,BTR-80,abandoned,https://i.postimg.cc/mrxdHDX8/43134.png,2022-03-19,68,499,3,7-684993
Russia,Soviet Union,BTR-80,abandoned,https://i.postimg.cc/FRd1GGTm/f22.png,2022-03-19,68,500,3,7-685003
Russia,Soviet Union,BTR-80,abandoned,https://i.postimg.cc/KjcSwP7f/579.png,2022-03-19,68,501,3,7-685013
Russia,Soviet Union,BTR-80,abandoned,https://i.postimg.cc/GpM5MThW/36.png,2022-03-26,68,494,3,7-684943
Russia,Russia,BTR-82A,abandoned,https://i.postimg.cc/j5kxgNCW/g66.jpg,2022-03-19,69,545,3,7-695453
Russia,Russia,BTR-82A,abandoned,https://i.postimg.cc/J01GbYLL/bb2.png,2022-03-19,69,546,3,7-695463
Russia,Russia,BTR-82A,abandoned,https://i.postimg.cc/bJDw1Gdq/46.png,2022-03-19,69,547,3,7-695473
Russia,Russia,BTR-82A,abandoned,https://i.postimg.cc/Kc32fSfv/6658.png,2022-03-19,69,548,3,7-695483
Russia,Russia,BTR-82A,abandoned,https://i.postimg.cc/25DqyNfS/55448.png,2022-03-19,69,549,3,7-695493
Russia,Russia,BTR-82A,abandoned,https://i.postimg.cc/pLXYWb0d/49.png,2022-03-19,69,550,3,7-695503
Russia,Russia,BTR-82A,abandoned,https://i.postimg.cc/d3ZQm1t0/rgg.png,2022-03-19,69,551,3,7-695513
Russia,Russia,BTR-82A,abandoned,https://i.postimg.cc/MTnD6Msb/45.jpg,2022-03-19,69,552,3,7-695523
Russia,Soviet Union,BTR-D,abandoned,https://i.postimg.cc/W3rVnKRy/x1.jpg,2022-03-19,70,584,3,7-705843
Russia,Soviet Union,BTR-D,abandoned,https://i.postimg.cc/nzH4n8F8/6659.jpg,2022-03-19,70,585,3,7-705853
Russia,Soviet Union,BTR-D,abandoned,https://i.postimg.cc/cHHvDd1J/g7.jpg,2022-03-19,70,586,3,7-705863
Russia,Soviet Union,BTR-D,abandoned,https://i.postimg.cc/Y9V7fHyY/j1.jpg,2022-03-19,70,587,3,7-705873
Russia,Soviet Union,BTR-D,abandoned,https://i.postimg.cc/Vk3585Qr/547.png,2022-03-19,70,588,3,7-705883
Russia,Soviet Union,BTR-D,abandoned,https://i.postimg.cc/Dy5GN1B5/jj8.jpg,2022-03-19,70,589,3,7-705893
Russia,Soviet Union,BTR-D,abandoned,https://i.postimg.cc/P5grPQ3H/4fj.png,2022-03-19,70,590,3,7-705903
Russia,Soviet Union,BTR-D,abandoned,https://i.postimg.cc/tRtkGhj9/54g.png,2022-03-19,70,591,3,7-705913
Russia,Soviet Union,BTR-D,abandoned,https://i.postimg.cc/zGYyLF60/38.png,2022-03-26,70,606,3,7-706063
Russia,Soviet Union,BTR-D,abandoned,https://i.postimg.cc/CL2nNvdT/699.png,2022-03-26,70,607,3,7-706073
Russia,Soviet Union,BTR-D,abandoned,https://i.postimg.cc/MpyZQtQY/d12.jpg,2022-03-26,70,608,3,7-706083
Russia,Russia,GAZ-3308,abandoned,https://postimg.cc/cg7mbbzG,2022-03-19,80,625,3,7-806253
Russia,Russia,GAZ-3308,abandoned,https://postimg.cc/62xczXYh,2022-03-19,80,626,3,7-806263
Russia,Russia,GAZ-3308,abandoned,https://i.postimg.cc/wjz9hn1C/361.png,2022-03-19,80,627,3,7-806273
Russia,Soviet Union,GAZ-66,abandoned,https://i.postimg.cc/8zKhCCjn/317.png,2022-03-19,81,630,3,7-816303
Russia,Russia,GAZ Sobol,abandoned,https://postimg.cc/87FbS5YH,2022-03-19,82,637,3,7-826373
Russia,Russia,GAZ Tigr,abandoned,https://i.postimg.cc/mDbvhs6S/n8.png,2022-03-19,83,638,3,7-836383
Russia,Russia,GAZ Tigr-M,abandoned,https://i.postimg.cc/vZRf920n/t1.jpg,2022-03-19,84,658,3,7-846583
Russia,Russia,GAZ Tigr-M,abandoned,https://i.postimg.cc/qv8nGcF5/t2.jpg,2022-03-19,84,659,3,7-846593
Russia,Russia,GAZ Tigr-M,abandoned,https://i.postimg.cc/25GZskrd/t3.jpg,2022-03-19,84,660,3,7-846603
Russia,Soviet Union,IMR-2 combat engineering vehicle,abandoned,https://i.postimg.cc/gkmWVDpv/336.png,2022-03-19,86,687,3,7-866873
Russia,Soviet Union,IMR-2 combat engineering vehicle,abandoned,https://i.postimg.cc/Y2Jw09RD/684.png,2022-03-19,86,688,3,7-866883
Russia,Italy,Iveco LMV 'Rys',abandoned,https://i.postimg.cc/sDCqXTNg/Screenshot-8445.png,2022-03-19,87,703,3,7-877033
Russia,Russia,K-53949 Typhoon-K,abandoned,https://i.postimg.cc/N0hp3Q4m/545.jpg,2022-03-19,89,709,3,7-897093
Russia,Russia,Ka-52 'Alligator' attack helicopter,abandoned,https://postimg.cc/jCmC8Nx5,2022-03-19,90,716,3,7-907163
Russia,Russia,Ka-52 'Alligator' attack helicopter,abandoned,https://i.postimg.cc/Zqj182jJ/987.png,2022-03-19,90,717,3,7-907173
Russia,Russia,KamAZ-63968 'Typhoon',abandoned,https://i.postimg.cc/Kjr4dzfx/t11.jpg,2022-03-19,95,734,3,7-957343
Russia,Russia,KamAZ-63968 'Typhoon',abandoned,https://i.postimg.cc/brjsCbQm/t12.jpg,2022-03-19,95,735,3,7-957353
Russia,Russia,KamAZ 4x4,abandoned,https://i.postimg.cc/65M1yk1T/4245.png,2022-03-19,96,740,3,7-967403
Russia,Russia,KamAZ 6x6,abandoned,https://i.postimg.cc/GhDp0yzL/tt1.png,2022-03-19,97,822,3,7-978223
Russia,Russia,KamAZ 6x6,abandoned,https://i.postimg.cc/CK9ZnJrc/Screenshot-8398.png,2022-03-19,97,823,3,7-978233
Russia,Russia,KamAZ 6x6,abandoned,https://i.postimg.cc/9F0M05Tb/Screenshot-8232.png,2022-03-19,97,824,3,7-978243
Russia,Russia,KamAZ 6x6,abandoned,https://i.postimg.cc/RFmCkffg/Screenshot-8273.png,2022-03-19,97,825,3,7-978253
Russia,Russia,KamAZ 6x6,abandoned,https://i.postimg.cc/tCPccYNm/v8.png,2022-03-19,97,826,3,7-978263
Russia,Russia,KamAZ 6x6,abandoned,https://i.postimg.cc/xTNQw51P/aa1.jpg,2022-03-19,97,827,3,7-978273
Russia,Russia,KamAZ 6x6,abandoned,https://i.postimg.cc/RC6RYDzZ/Screenshot-8396.png,2022-03-19,97,828,3,7-978283
Russia,Russia,KamAZ 6x6,abandoned,https://i.postimg.cc/ZqYR92LP/Screenshot-8486.png,2022-03-19,97,829,3,7-978293
Russia,Russia,KamAZ 6x6,abandoned,https://i.postimg.cc/Pf0f1L53/v3.png,2022-03-19,97,830,3,7-978303
Russia,Russia,KamAZ 6x6,abandoned,https://i.postimg.cc/sgcVZwrF/ka1.png,2022-03-19,97,831,3,7-978313
Russia,Russia,KamAZ 6x6,abandoned,https://i.postimg.cc/WbxvqjmQ/g1.png,2022-03-19,97,832,3,7-978323
Russia,Russia,KamAZ 6x6,abandoned,https://i.postimg.cc/nh7tv50M/g2.png,2022-03-19,97,833,3,7-978333
Russia,Russia,KamAZ 6x6,abandoned,https://i.postimg.cc/jjbYvXFc/g3.png,2022-03-19,97,834,3,7-978343
Russia,Russia,KamAZ 6x6,abandoned,https://i.postimg.cc/SRcQVH07/44366.png,2022-03-19,97,835,3,7-978353
Russia,Russia,KamAZ 6x6,abandoned,https://i.postimg.cc/43yxjGmX/432.png,2022-03-19,97,836,3,7-978363
Russia,Russia,KamAZ 6x6,abandoned,https://i.postimg.cc/85PBn7X1/a1.png,2022-03-19,97,837,3,7-978373
Russia,Russia,KamAZ 6x6,abandoned,https://i.postimg.cc/QxWgPGmW/a2.png,2022-03-19,97,838,3,7-978383
Russia,Russia,KamAZ 6x6,abandoned,https://i.postimg.cc/C1PHyw9b/a3.png,2022-03-19,97,839,3,7-978393
Russia,Russia,KamAZ 6x6,abandoned,https://i.postimg.cc/rsDGMvL3/a4.png,2022-03-19,97,840,3,7-978403
Russia,Russia,KamAZ 6x6,abandoned,https://i.postimg.cc/gc7qNkVW/a5.png,2022-03-19,97,841,3,7-978413
Russia,Russia,KamAZ Avtozaks,abandoned,https://i.postimg.cc/kg3NP1YY/a6.png,2022-03-19,99,935,3,7-999353
Russia,Russia,KamAZ with armoured cabin,abandoned,https://i.postimg.cc/k5h1G2f3/39.png,2022-03-19,100,937,3,7-1009373
Russia,Russia,KamAZ with armoured cabin,abandoned,https://i.postimg.cc/4yj6dBfd/a7.png,2022-03-19,100,938,3,7-1009383
Russia,Russia,Mi-8 transport helicopter,abandoned,https://i.postimg.cc/V660k1F5/31g.png,2022-03-27,105,953,3,7-1059533
Russia,Russia,MP-2IM signals vehicle,abandoned,https://i.postimg.cc/wM1CmTC8/b89.png,2022-03-19,106,954,3,7-1069543
Russia,Soviet Union,MT-LB,abandoned,https://i.postimg.cc/GpG26n3R/446.png,2022-03-19,107,979,3,7-1079793
Russia,Soviet Union,MT-LB,abandoned,https://i.postimg.cc/Y21qgqY7/7766.jpg,2022-03-19,107,980,3,7-1079803
Russia,Soviet Union,MT-LB,abandoned,https://i.postimg.cc/mkwsnkyF/433.png,2022-03-19,107,981,3,7-1079813
Russia,Soviet Union,MT-LB,abandoned,https://i.postimg.cc/1z6127Wh/h54.png,2022-03-19,107,982,3,7-1079823
Russia,Soviet Union,MT-LB,abandoned,https://i.postimg.cc/vHYqqTjM/544.png,2022-03-19,107,983,3,7-1079833
Russia,Soviet Union,MT-LB,abandoned,https://i.postimg.cc/yNdpdVtm/d1.png,2022-03-19,107,984,3,7-1079843
Russia,Soviet Union,MT-LB,abandoned,https://i.postimg.cc/dV6Sf0SG/6hf.png,2022-03-19,107,985,3,7-1079853
Russia,Soviet Union,MT-LB,abandoned,https://i.postimg.cc/MT7GfMmt/467.png,2022-03-19,107,986,3,7-1079863
Russia,Soviet Union,MT-LB,abandoned,https://i.postimg.cc/yYY0Hk5C/73.jpg,2022-03-19,107,987,3,7-1079873
Russia,Soviet Union,MT-LB,abandoned,https://i.postimg.cc/ZRgTChvT/f24.png,2022-03-19,107,988,3,7-1079883
Russia,Soviet Union,MT-LB,abandoned,https://i.postimg.cc/SRx4st8h/46805.png,2022-03-19,107,989,3,7-1079893
Russia,Soviet Union,MT-LB,abandoned,https://i.postimg.cc/mrJwQRQ2/f69.png,2022-03-19,107,990,3,7-1079903
Russia,Soviet Union,MT-LB,abandoned,https://i.postimg.cc/44Pdb9wn/48.png,2022-03-19,107,991,3,7-1079913
Russia,Soviet Union,MT-LB,abandoned,https://i.postimg.cc/43RcYDPt/m2.png,2022-03-19,107,992,3,7-1079923
Russia,Soviet Union,MT-LB,abandoned,https://i.postimg.cc/mr3HCmpn/m3.png,2022-03-19,107,993,3,7-1079933
Russia,Soviet Union,MT-LB,abandoned,https://i.postimg.cc/26bSBK7B/6j.png,2022-03-19,107,994,3,7-1079943
Russia,Soviet Union,MT-LB,abandoned,https://i.postimg.cc/3RqpkBLf/329.png,2022-03-19,107,995,3,7-1079953
Russia,Soviet Union,MT-LB,abandoned,https://i.postimg.cc/Gp549LKJ/h24.png,2022-03-19,107,996,3,7-1079963
Russia,Soviet Union,MT-LB,abandoned,https://i.postimg.cc/JzjbsLP6/44313.jpg,2022-03-26,107,1041,3,7-10710413
Russia,Soviet Union,MT-LBM 6MB,abandoned,https://i.postimg.cc/pr29GJz8/359.png,2022-03-19,110,1062,3,7-11010623
Russia,Soviet Union,MT-LBu,abandoned,https://i.postimg.cc/gc14s4Fb/a2.png,2022-03-19,111,138,3,7-1111383
Russia,Soviet Union,MT-LBu,abandoned,https://i.postimg.cc/sgntV80G/44fss.png,2022-03-19,111,139,3,7-1111393
Russia,Soviet Union,MT-LBu,abandoned,https://i.postimg.cc/63JZBWDQ/b76.png,2022-03-19,111,141,3,7-1111413
Russia,Soviet Union,MT-LBu,abandoned,https://i.postimg.cc/rs9z99Nk/f16.png,2022-03-19,111,1067,3,7-11110673
Russia,Russia,Pantsir-S1,abandoned,https://i.postimg.cc/nc1WwSy5/f6.png,2022-03-19,115,1084,3,7-11510843
Russia,Soviet Union,PTS-3 tracked amphibious transport,abandoned,https://i.postimg.cc/Z5VK9XR3/v77.png,2022-03-19,121,1097,3,7-12110973
Russia,Soviet Union,PTS-3 tracked amphibious transport,abandoned,https://i.postimg.cc/DzNv6s1w/v88.png,2022-03-19,121,1098,3,7-12110983
Russia,Russia,R-149MA1 command and staff vehicle,abandoned,https://i.postimg.cc/jSgsKMn3/g553.jpg,2022-03-19,122,1101,3,7-12211013
Russia,Russia,R-149MA1 command and staff vehicle,abandoned,https://i.postimg.cc/TY9CCkH1/h6n.jpg,2022-03-19,122,1102,3,7-12211023
Russia,Russia,R-149MA1 command and staff vehicle,abandoned,https://postlmg.cc/DWr360St,2022-03-19,122,1103,3,7-12211033
Russia,Russia,R-166-0.5 signals vehicle,abandoned,https://i.postimg.cc/BQ3JL2hJ/g55.png,2022-03-19,124,1118,3,7-12411183
Russia,Russia,R-419L1 communications station,abandoned,https://i.postimg.cc/HWF2jVg6/5588.png,2022-03-19,127,1124,3,7-12711243
Russia,Soviet Union,T-72B,abandoned,https://i.postimg.cc/8zz8WcH7/763.png,2022-03-19,135,1175,3,7-13511753
Russia,Soviet Union,T-72B,abandoned,https://i.postimg.cc/1tvs3GFY/470.png,2022-03-19,135,1176,3,7-13511763
Russia,Soviet Union,T-72B,abandoned,https://i.postimg.cc/sfLpFS54/4566.png,2022-03-19,135,1177,3,7-13511773
Russia,Soviet Union,T-72B,abandoned,https://i.postimg.cc/zv3Z8G8D/5570.png,2022-03-19,135,1178,3,7-13511783
Russia,Soviet Union,T-72B,abandoned,https://i.postimg.cc/QCL5TQsB/d24.png,2022-03-19,135,1179,3,7-13511793
Russia,Soviet Union,T-72B,abandoned,https://i.postimg.cc/KzgLWJ4m/341.png,2022-03-19,135,1180,3,7-13511803
Russia,Russia,T-72B Obr. 1989,abandoned,https://i.postimg.cc/rsFyfrR7/h8.png,2022-03-19,136,1214,3,7-13612143
Russia,Russia,T-72B Obr. 1989,abandoned,https://i.postimg.cc/6qVQKzjC/4t.png,2022-03-19,136,1215,3,7-13612153
Russia,Russia,T-72B Obr. 1989,abandoned,https://i.postimg.cc/CLJ0n115/490.png,2022-03-26,136,1220,3,7-13612203
Russia,Russia,T-72B Obr. 1989,abandoned,https://twitter.com/UAWeapons/status/1507764352774025217,2022-03-27,136,1223,3,7-13612233
Russia,Russia,T-72B3,abandoned,https://i.postimg.cc/fLmkGMYm/5g6.png,2022-03-19,137,1231,3,7-13712313
Russia,Russia,T-72B3,abandoned,https://i.postimg.cc/4Nvz1J9Q/42.png,2022-03-19,137,1232,3,7-13712323
Russia,Russia,T-72B3,abandoned,https://i.postimg.cc/9Q0cgWhd/3dh0.png,2022-03-19,137,1233,3,7-13712333
Russia,Russia,T-72B3,abandoned,https://i.postimg.cc/sDXVZcxD/d31.png,2022-03-19,137,1234,3,7-13712343
Russia,Russia,T-72B3,abandoned,https://i.postimg.cc/C5JhNWxL/d31.jpg,2022-03-19,137,1235,3,7-13712353
Russia,Russia,T-72B3 Obr. 2016,abandoned,https://i.postimg.cc/44PbCC3z/v44.png,2022-03-19,138,1282,3,7-13812823
Russia,Russia,T-72B3 Obr. 2016,abandoned,https://i.postimg.cc/c6ysfCQt/c9.png,2022-03-19,138,1283,3,7-13812833
Russia,Russia,T-72B3 Obr. 2016,abandoned,https://i.postimg.cc/prkfqWMs/b4.jpg,2022-03-19,138,1284,3,7-13812843
Russia,Russia,T-72B3 Obr. 2016,abandoned,https://i.postimg.cc/brDMR83Y/d4g.png,2022-03-19,138,1285,3,7-13812853
Russia,Russia,T-72B3 Obr. 2016,abandoned,https://i.postimg.cc/G3jxcQTv/b55.jpg,2022-03-19,138,1286,3,7-13812863
Russia,Russia,T-72B3 Obr. 2016,abandoned,https://i.postimg.cc/R0cYJJNJ/221.jpg,2022-03-26,138,1323,3,7-13813233
Russia,Russia,T-72B3 Obr. 2016,abandoned,https://i.postimg.cc/Kjsphnsw/223.jpg,2022-03-26,138,1318,3,7-13813183
Russia,Soviet Union,T-80BV,abandoned,https://i.postimg.cc/fbx3fPBg/665f.jpg,2022-03-19,139,1331,3,7-13913313
Russia,Soviet Union,T-80BV,abandoned,https://i.postimg.cc/X7GD7K2Y/h66.jpg,2022-03-19,139,1332,3,7-13913323
Russia,Russia,T-80BVM,abandoned,https://i.postimg.cc/ZnF3nGrh/7uu.jpg,2022-03-19,140,1343,3,7-14013433
Russia,Russia,T-80U,abandoned,https://i.postimg.cc/2Src3YPH/b67.png,2022-03-19,141,1361,3,7-14113613
Russia,Russia,T-80U,abandoned,https://i.postimg.cc/Bb1f2rCj/b8.jpg,2022-03-19,141,1362,3,7-14113623
Russia,Russia,T-80U,abandoned,https://i.postimg.cc/8Ck7L8Zk/m88.png,2022-03-19,141,1363,3,7-14113633
Russia,Russia,T-80U,abandoned,https://i.postimg.cc/L6bcSj1H/77633.png,2022-03-19,141,1364,3,7-14113643
Russia,Russia,T-80U,abandoned,https://i.postimg.cc/Y0bvnMbC/l8.png,2022-03-19,141,1365,3,7-14113653
Russia,Russia,T-80U,abandoned,https://i.postimg.cc/6pZrMGJj/5554.png,2022-03-19,141,1366,3,7-14113663
Russia,Russia,T-80U,abandoned,https://i.postimg.cc/fT1zwVth/l2.png,2022-03-19,141,1367,3,7-14113673
Russia,Russia,T-80U,abandoned,https://i.postimg.cc/Kjw2vWY5/l3.png,2022-03-19,141,1368,3,7-14113683
Russia,Russia,T-80U,abandoned,https://i.postimg.cc/prNhDTGN/n77.png,2022-03-19,141,1369,3,7-14113693
Russia,Russia,T-80U,abandoned,https://i.postimg.cc/90L44nrM/f58.png,2022-03-19,141,1370,3,7-14113703
Russia,Russia,T-80U,abandoned,https://i.postimg.cc/mg84T7cL/4g.jpg,2022-03-19,141,1371,3,7-14113713
Russia,Russia,T-80U,abandoned,https://i.postimg.cc/rF2MjVXk/5g3.jpg,2022-03-19,141,1372,3,7-14113723
Russia,Russia,T-80U,abandoned,https://i.postimg.cc/vBWYKzb7/47.png,2022-03-19,141,1373,3,7-14113733
Russia,Russia,T-80U,abandoned,https://i.postimg.cc/5ys6P3S7/652.png,2022-03-19,141,1374,3,7-14113743
Russia,Russia,T-80UK,abandoned,https://i.postimg.cc/Tw85mW08/f4.png,2022-03-19,142,1398,3,7-14213983
Russia,Russia,T-90A,abandoned,https://i.postimg.cc/vHYqqTjM/544.png,2022-03-19,144,983,3,7-1449833
Russia,Russia,T-90A,abandoned,https://i.postimg.cc/90XRZvq9/4432.png,2022-03-19,144,1407,3,7-14414073
Russia,Russia,T-90A,abandoned,https://i.postimg.cc/PJxLN77q/3h.png,2022-03-19,144,1408,3,7-14414083
Russia,Russia,T-90A,abandoned,https://i.postimg.cc/5txSTbY7/368.png,2022-03-19,144,1409,3,7-14414093
Russia,Soviet Union,TMM-3 bridge layer,abandoned,https://i.postimg.cc/C1DyRDFk/h89.jpg,2022-03-19,145,1420,3,7-14514203
Russia,Soviet Union,TMM-3 bridge layer,abandoned,https://i.postimg.cc/rpPCMn2C/b89.png,2022-03-19,145,1421,3,7-14514213
Russia,Soviet Union,TMM-3 bridge layer,abandoned,https://i.postimg.cc/85dm6pjK/44565.png,2022-03-19,145,1422,3,7-14514223
Russia,Russia,TZM-T reloader vehicle (for TOS-1A),abandoned,https://i.postimg.cc/3wM0txDr/4b.png,2022-03-19,147,1431,3,7-14714313
Russia,Russia,TZM-T reloader vehicle (for TOS-1A),abandoned,https://i.postimg.cc/T20m5nwc/5422.png,2022-03-19,147,1432,3,7-14714323
Russia,Soviet Union,UAZ-469,abandoned,https://i.postimg.cc/J4Nx3qRy/37h.png,2022-03-19,150,1441,3,7-15014413
Russia,Russia,UAZ Patriot,abandoned,https://i.postimg.cc/tggdgvNx/54g.jpg,2022-03-19,151,1444,3,7-15114443
Russia,Russia,Unknown AFV,abandoned,https://i.postimg.cc/yNKDhgkN/5g.png,2022-03-19,152,1458,3,7-15214583
Russia,Russia,Unknown AFV,abandoned,https://i.postimg.cc/Y965xPHs/67.jpg,2022-03-19,152,1459,3,7-15214593
Russia,Russia,Unknown tank,abandoned,https://i.postimg.cc/j23fFqPt/875.jpg,2022-03-19,160,1514,3,7-16015143
Russia,Russia,Unknown tank,abandoned,https://i.postimg.cc/L67vXhmv/541.jpg,2022-03-19,160,1515,3,7-16015153
Russia,Russia,Unknown truck,abandoned,https://i.postimg.cc/26pbyqvZ/v56.png,2022-03-19,161,1564,3,7-16115643
Russia,Russia,Unknown truck,abandoned,https://i.postimg.cc/zDWGBmQX/dgj.png,2022-03-19,161,1565,3,7-16115653
Russia,Soviet Union,UR-77 'Meterorit' mine clearing vehicle,abandoned,https://i.postimg.cc/rppvJs6P/jj.jpg,2022-03-19,162,1583,3,7-16215833
Russia,Russia,Ural-4320,abandoned,https://i.postimg.cc/xd8C4F47/tt2.png,2022-03-19,164,1652,3,7-16416523
Russia,Russia,Ural-4320,abandoned,https://i.postimg.cc/0yrVn7sf/4314.png,2022-03-19,164,1653,3,7-16416533
Russia,Russia,Ural-4320,abandoned,https://i.postimg.cc/R0KVpG33/Screenshot-8272.png,2022-03-19,164,1654,3,7-16416543
Russia,Russia,Ural-4320,abandoned,https://postimg.cc/yDMtjPBF,2022-03-19,164,1655,3,7-16416553
Russia,Russia,Ural-4320,abandoned,https://i.postimg.cc/3NZBVjmC/j8l.jpg,2022-03-19,164,1656,3,7-16416563
Russia,Russia,Ural-4320,abandoned,https://postimg.cc/SXqk7XMx,2022-03-19,164,1657,3,7-16416573
Russia,Russia,Ural-4320,abandoned,https://postimg.cc/fVYM97kP,2022-03-19,164,1658,3,7-16416583
Russia,Russia,Ural-4320,abandoned,https://i.postimg.cc/kMY6zXXK/g43.png,2022-03-19,164,1659,3,7-16416593
Russia,Russia,Ural-4320,abandoned,https://i.postimg.cc/ZKHxv1VF/d12.png,2022-03-19,164,1660,3,7-16416603
Russia,Russia,Ural-4320,abandoned,https://i.postimg.cc/vTzf9VLH/f2.png,2022-03-19,164,1661,3,7-16416613
Russia,Russia,Ural-4320,abandoned,https://i.postimg.cc/vHLG8bfn/352.png,2022-03-19,164,1662,3,7-16416623
Russia,Russia,Ural-4320,abandoned,https://i.postimg.cc/gcZ4B3nc/46.png,2022-03-19,164,1663,3,7-16416633
Russia,Russia,Ural-4320,abandoned,https://i.postimg.cc/dVqB1XnD/4y.png,2022-03-19,164,1664,3,7-16416643
Russia,Russia,Ural-4320,abandoned,https://i.postimg.cc/66gbyLs4/p6.png,2022-03-19,164,1665,3,7-16416653
Russia,Russia,Ural-4320,abandoned,https://i.postimg.cc/tTB5g9by/359.png,2022-03-19,164,1666,3,7-16416663
Russia,Russia,Ural-4320,abandoned,https://i.postimg.cc/hjpd1JQJ/6j.png,2022-03-19,164,1667,3,7-16416673
Russia,Russia,Ural-43206,abandoned,https://i.postimg.cc/k4x56Cb5/Screenshot-8409.png,2022-03-19,168,1743,3,7-16817433
Russia,Russia,Ural-43206,abandoned,https://i.postimg.cc/yYNkW1z2/471.png,2022-03-19,168,1744,3,7-16817443
Russia,Russia,Ural-542301 tank transporter,abandoned,https://i.postimg.cc/63s3pqTS/Screenshot-8407.png,2022-03-19,169,1755,3,7-16917553
Russia,Russia,Ural-63704-0010 Tornado-U,abandoned,https://i.postimg.cc/Y0JH8vN0/79.png,2022-03-19,170,1756,3,7-17017563
Russia,Russia,Ural Federal,abandoned,https://postimg.cc/4nNVGy79,2022-03-19,171,1760,3,7-17117603
Russia,Russia,Ural Federal,abandoned,https://i.postimg.cc/dV3Dkbgw/b8.png,2022-03-19,171,1761,3,7-17117613
Russia,Russia,Ural Federal,abandoned,https://i.postimg.cc/JhwxKbT0/4454.jpg,2022-03-19,171,1762,3,7-17117623
Russia,Russia,Vityaz DT-30 articulated tracked carrier,abandoned,https://i.postimg.cc/nrSm0HNP/5g.png,2022-03-19,172,1764,3,7-17217643
Russia,Soviet Union,ZiL-131,abandoned,https://i.postimg.cc/1ttjTBH0/4455.png,2022-03-19,174,765,3,7-1747653
Russia,Soviet Union,ZiL-131,abandoned,https://i.postimg.cc/8k2Hgm1B/Screenshot-8397.png,2022-03-19,174,1772,3,7-17417723
Ukraine,Soviet Union,100mm MT-12 anti-tank gun,abandoned,https://i.postimg.cc/MGrVpjLq/n2.png,2022-03-19,2,1774,3,380-217743
Ukraine,Soviet Union,122mm 2S1 Gvozdika,abandoned,https://i.postimg.cc/MKTfGGmK/334.png,2022-03-19,10,1784,3,380-1017843
Ukraine,Soviet Union,152mm 2A36 Giatsint-B field-gun,abandoned,https://i.postimg.cc/65WyTWGL/g43g.png,2022-03-19,177,1794,3,380-17717943
Ukraine,Soviet Union,152mm 2A65 Msta-B howitzer,abandoned,https://i.postimg.cc/zfBM7CWN/Screenshot-8227.png,2022-03-19,13,1795,3,380-1317953
Ukraine,Soviet Union,152mm 2A65 Msta-B howitzer,abandoned,https://i.postimg.cc/gj9TG17c/Screenshot-8228.png,2022-03-19,13,1796,3,380-1317963
Ukraine,Soviet Union,5P85S (launcher for S-300PS),abandoned,https://i.postimg.cc/nc1PvhZ1/411.png,2022-03-19,185,1812,3,380-18518123
Ukraine,Soviet Union,9K35 Strela-10,abandoned,https://i.postimg.cc/B61Rm1DR/b8.png,2022-03-19,39,1830,3,380-3918303
Ukraine,Soviet Union,BMP-1(P),abandoned,https://i.postimg.cc/vmNpXbHQ/gg2.png,2022-03-19,58,1861,3,380-5818613
Ukraine,Soviet Union,BMP-1(P),abandoned,https://i.postimg.cc/nzYYjDN8/Screenshot-8035.png,2022-03-19,58,1862,3,380-5818623
Ukraine,Soviet Union,BMP-1(P),abandoned,https://i.postimg.cc/8cZRwV1t/Screenshot-8037.png,2022-03-19,58,1863,3,380-5818633
Ukraine,Soviet Union,BMP-1(P),abandoned,https://i.postimg.cc/vTY7Wmd4/Screenshot-8038.png,2022-03-19,58,1864,3,380-5818643
Ukraine,Soviet Union,BMP-1(P),abandoned,https://i.postimg.cc/TYfDBCPr/577.png,2022-03-19,58,1865,3,380-5818653
Ukraine,Soviet Union,BMP-1(P),abandoned,https://i.postimg.cc/sgxvL5xm/689.png,2022-03-19,58,1866,3,380-5818663
Ukraine,Soviet Union,BMP-2,abandoned,https://i.postimg.cc/xT3v6qKT/4470.png,2022-03-19,60,1879,3,380-6018793
Ukraine,Soviet Union,BRDM-2,abandoned,https://i.postimg.cc/TYfDBCPr/577.png,2022-03-19,63,1865,3,380-6318653
Ukraine,Soviet Union,BRDM-2,abandoned,https://i.postimg.cc/zGQd8V3S/4437.png,2022-03-19,63,1886,3,380-6318863
Ukraine,Soviet Union,BRDM-2,abandoned,https://i.postimg.cc/KYF1K5KZ/5547.png,2022-03-19,63,1887,3,380-6318873
Ukraine,Soviet Union,BRDM-2,abandoned,https://i.postimg.cc/x1Pz37Vk/5577.png,2022-03-19,63,1888,3,380-6318883
Ukraine,Soviet Union,BRDM-2,abandoned,https://i.postimg.cc/x1q26JWK/443o.png,2022-03-19,63,1889,3,380-6318893
Ukraine,Soviet Union,BRDM-2,abandoned,https://i.postimg.cc/7Pg0LbtM/553.png,2022-03-19,63,1890,3,380-6318903
Ukraine,Soviet Union,BRDM-2,abandoned,https://i.postimg.cc/DZ1JmY6y/4436.png,2022-03-19,63,1891,3,380-6318913
Ukraine,Soviet Union,BRDM-2,abandoned,https://i.postimg.cc/cLp0yYYV/795.png,2022-03-19,63,1892,3,380-6318923
Ukraine,Ukraine,BTR-4,abandoned,https://i.postimg.cc/mkdGX6cb/447.png,2022-03-19,200,1924,3,380-20019243
Ukraine,Ukraine,BTR-4,abandoned,https://i.postimg.cc/xd84RZV8/Screenshot-9035.png,2022-03-19,200,1925,3,380-20019253
Ukraine,Soviet Union,BTR-70,abandoned,https://i.postimg.cc/RCWcTD3F/579.png,2022-03-19,202,1945,3,380-20219453
Ukraine,Soviet Union,GAZ-66,abandoned,https://i.postimg.cc/YC0mqTkH/58.png,2022-03-19,81,1979,3,380-8119793
Ukraine,Soviet Union,GAZ-66,abandoned,https://i.postimg.cc/gj9TG17c/Screenshot-8228.png,2022-03-19,81,1796,3,380-8117963
Ukraine,Soviet Union,GAZ-66,abandoned,https://i.postimg.cc/qvyKsBvd/Screenshot-8260.png,2022-03-19,81,1980,3,380-8119803
Ukraine,Ukraine,Kozak-2,abandoned,https://postimg.cc/JD2WNfPx,2022-03-19,210,2012,3,380-21020123
Ukraine,Belarus,MAZ,abandoned,https://i.postimg.cc/ZRVpWfKB/Screenshot-8260.png,2022-03-19,220,2051,3,380-22020513
Ukraine,Belarus,MAZ,abandoned,https://i.postimg.cc/hP4hp8v6/d46.png,2022-03-19,220,2052,3,380-22020523
Ukraine,Soviet Union,MT-LB,abandoned,https://i.postimg.cc/D00sLq8C/Screenshot-8261.png,2022-03-19,107,2070,3,380-10720703
Ukraine,Ukraine,MT-LB Ambulance,abandoned,https://i.postimg.cc/3Jv5s5tq/468.png,2022-03-19,108,2073,3,380-10820733
Ukraine,Soviet Union,MT-LBu,abandoned,https://i.postimg.cc/ZYHxJ6rp/Screenshot-8036.png,2022-03-19,111,2076,3,380-11120763
Ukraine,Ukraine,T-64B1M,abandoned,https://i.postimg.cc/HxmWTxMP/3d1.png,2022-03-19,239,2108,3,380-23921083
Ukraine,Soviet Union,T-64BV,abandoned,https://i.postimg.cc/CLn96SZZ/f7.png,2022-03-19,132,2129,3,380-13221293
Ukraine,Soviet Union,T-64BV,abandoned,https://i.postimg.cc/rFzZ43Zg/578.png,2022-03-19,132,2130,3,380-13221303
Ukraine,Soviet Union,T-64BV,abandoned,https://i.postimg.cc/vBTn2B8C/467.png,2022-03-19,132,2131,3,380-13221313
Ukraine,Soviet Union,T-64BV,abandoned,https://i.postimg.cc/8Pf8WQWH/557l.png,2022-03-19,132,2132,3,380-13221323
Ukraine,Soviet Union,T-64BV,abandoned,https://i.postimg.cc/fTV39LBr/5570.png,2022-03-19,132,2133,3,380-13221333
Ukraine,Soviet Union,T-64BV,abandoned,https://i.postimg.cc/qBsnPDXc/5548.png,2022-03-19,132,2134,3,380-13221343
Ukraine,Soviet Union,T-64BV,abandoned,https://i.postimg.cc/k5m1QQ2y/dd3.png,2022-03-19,132,2135,3,380-13221353
Ukraine,Soviet Union,T-80BV,abandoned,https://i.postimg.cc/MHW2qp47/d39.png,2022-03-19,139,2172,3,380-13921723
Ukraine,Ukraine,Unknown BTR,abandoned,https://i.postimg.cc/524HCBT8/b1.png,2022-03-19,244,2194,3,380-24421943
Ukraine,Ukraine,Unknown truck,abandoned,https://i.postimg.cc/3Jzj3bLL/bnm.png,2022-03-19,161,2204,3,380-16122043
Ukraine,Ukraine,Unknown truck,abandoned,https://i.postimg.cc/28tzT4wY/54.png,2022-03-19,161,2205,3,380-16122053
Ukraine,Soviet Union,ZiL-131,abandoned,https://i.postimg.cc/0j3LGCqH/Screenshot-8103.png,2022-03-19,174,2258,3,380-17422583
Ukraine,Soviet Union,ZiL-131,abandoned,https://i.postimg.cc/bvh79gN2/d240.png,2022-03-19,174,2259,3,380-17422593
